n,p,k,temperature,humidity,ph,rainfall,crop
87.5,49.5,47.3,24.4,81.6,5.73,2029.0,Rice
97.3,46.0,47.1,22.1,89.7,6.75,2106.2,Rice
83.6,41.8,43.0,24.1,84.3,5.94,2305.9,Rice
82.8,42.9,43.7,23.8,87.9,5.8,2257.1,Rice
91.8,40.5,46.1,22.7,80.7,6.92,2482.8,Rice
96.2,43.0,41.0,24.7,84.4,5.68,2247.6,Rice
80.7,49.1,42.6,24.7,83.1,6.28,2273.4,Rice
83.7,49.7,47.8,25.8,88.9,6.4,2460.9,Rice
81.8,42.0,40.5,23.3,83.9,5.91,2414.4,Rice
87.1,42.8,45.4,22.6,88.0,5.61,2493.4,Rice
95.4,42.0,40.1,25.3,87.1,6.59,2385.6,Rice
81.5,43.6,41.2,25.5,86.2,6.0,2031.8,Rice
86.2,43.3,47.3,24.6,88.9,6.21,2059.8,Rice
94.3,47.6,45.6,25.1,84.9,6.28,2213.8,Rice
80.5,41.1,40.3,24.5,83.1,6.26,2453.8,Rice
85.0,44.1,47.6,22.9,80.8,5.93,2080.6,Rice
98.6,48.1,46.3,25.5,88.0,5.78,2446.3,Rice
90.8,48.1,49.0,23.3,81.1,5.84,2213.6,Rice
96.4,48.6,40.1,24.0,84.2,5.83,2059.9,Rice
86.8,49.4,43.2,24.1,87.0,6.05,2485.9,Rice
99.2,42.5,45.0,23.2,82.8,5.56,2304.8,Rice
90.1,40.5,42.8,25.6,82.4,5.72,2244.7,Rice
99.7,42.4,46.7,25.0,82.4,6.59,2183.9,Rice
92.6,46.3,45.4,22.4,88.4,5.98,2093.3,Rice
80.8,45.9,46.8,22.1,85.1,5.84,2322.6,Rice
83.5,46.9,43.9,25.7,81.4,6.01,2056.7,Rice
98.5,48.8,42.6,24.6,88.2,6.33,2264.8,Rice
84.8,40.9,49.0,25.6,86.3,6.01,2174.6,Rice
94.5,49.0,48.9,25.1,86.4,5.63,2080.8,Rice
98.0,46.1,40.1,22.4,86.6,5.51,2080.4,Rice
91.0,46.9,46.5,22.9,87.1,5.86,2162.7,Rice
94.9,46.5,48.5,24.6,85.7,5.64,2183.9,Rice
85.3,42.4,49.7,23.6,88.9,6.45,2397.4,Rice
90.1,45.8,44.9,22.8,87.2,5.92,2012.2,Rice
92.9,41.8,49.4,25.8,89.1,6.06,2007.7,Rice
98.6,44.3,49.7,25.9,88.5,5.94,2192.5,Rice
97.0,43.2,41.7,24.2,89.4,6.54,2285.0,Rice
81.9,46.2,49.9,22.6,85.2,6.82,2370.4,Rice
93.9,47.0,43.6,23.2,88.1,6.72,2433.5,Rice
98.3,45.1,45.0,25.2,86.5,6.55,2397.9,Rice
97.8,43.4,43.8,22.4,85.8,5.55,2232.8,Rice
90.9,42.9,45.9,22.1,80.4,6.73,2180.1,Rice
82.5,45.2,47.7,22.9,86.2,5.63,2025.8,Rice
90.6,45.4,46.4,24.9,89.8,6.27,2161.5,Rice
95.9,42.7,44.4,22.3,80.3,6.94,2418.0,Rice
93.9,44.1,41.7,22.6,82.5,6.32,2357.3,Rice
93.2,42.8,49.5,25.0,85.5,6.42,2209.8,Rice
85.0,43.6,47.6,22.1,81.2,5.57,2020.4,Rice
97.1,47.0,44.7,22.4,84.9,6.21,2086.6,Rice
88.7,44.0,46.2,24.5,80.5,6.06,2312.9,Rice
90.1,48.6,46.6,22.7,80.7,6.46,2013.3,Rice
91.7,49.4,45.8,23.6,86.4,6.19,2272.8,Rice
98.8,43.9,49.6,25.6,82.0,5.6,2050.4,Rice
80.4,40.9,46.8,22.3,83.2,6.77,2011.6,Rice
96.3,42.8,41.2,24.8,86.3,6.82,2367.5,Rice
96.1,42.8,41.8,25.0,88.1,6.99,2206.3,Rice
87.4,47.8,43.4,25.7,88.6,6.14,2375.4,Rice
95.1,41.0,49.0,24.0,88.3,5.98,2447.8,Rice
87.8,40.1,49.1,22.4,83.2,6.93,2475.3,Rice
91.5,46.3,44.5,23.2,83.3,6.51,2376.2,Rice
95.8,47.9,40.9,24.0,80.6,6.32,2220.8,Rice
97.8,43.5,41.2,22.6,87.6,6.43,2050.6,Rice
81.7,47.0,40.7,25.3,87.1,5.62,2042.4,Rice
99.7,43.7,43.7,25.3,89.5,6.98,2376.7,Rice
87.5,40.8,47.8,24.2,84.2,6.86,2055.6,Rice
89.9,40.1,44.7,22.2,81.2,5.68,2324.6,Rice
94.9,45.8,49.6,23.5,82.9,6.8,2111.8,Rice
99.3,40.1,49.7,22.2,88.9,6.29,2496.5,Rice
81.5,45.5,49.7,24.1,86.3,6.54,2227.3,Rice
92.6,45.8,49.0,22.2,82.8,6.93,2445.1,Rice
89.1,46.2,42.8,22.8,84.6,6.03,2291.8,Rice
81.6,49.7,49.9,24.8,85.4,5.96,2406.9,Rice
93.7,41.6,49.1,25.3,89.5,6.59,2306.7,Rice
88.4,49.3,48.7,22.2,80.3,6.06,2405.3,Rice
99.7,41.5,45.9,23.5,89.7,6.76,2419.2,Rice
89.4,44.1,42.7,22.2,88.6,6.72,2499.9,Rice
99.9,45.6,47.7,25.8,88.5,5.87,2225.3,Rice
82.6,49.5,46.1,22.9,86.7,6.43,2179.1,Rice
82.3,46.7,45.2,25.1,85.2,6.78,2276.0,Rice
91.2,48.8,44.0,22.5,80.3,6.63,2310.2,Rice
94.1,42.1,41.4,22.1,83.5,6.38,2196.1,Rice
88.7,49.0,43.5,24.1,87.8,6.09,2311.0,Rice
97.2,49.5,41.5,25.7,84.9,5.89,2229.6,Rice
99.6,44.9,43.3,24.5,82.4,5.61,2064.4,Rice
82.6,41.5,41.4,24.6,81.8,6.02,2448.4,Rice
89.5,46.7,41.7,22.8,80.4,5.75,2139.3,Rice
83.5,40.9,41.2,23.8,82.1,6.05,2251.7,Rice
93.8,40.4,48.0,24.5,80.8,6.81,2460.4,Rice
81.2,42.8,48.1,25.0,81.8,5.81,2185.2,Rice
89.7,46.2,43.7,23.9,87.5,5.56,2126.2,Rice
94.3,49.0,45.1,24.1,81.1,6.17,2266.3,Rice
84.8,42.7,43.8,22.1,83.2,5.82,2163.7,Rice
82.4,48.9,45.9,24.7,87.9,6.25,2043.5,Rice
90.7,45.9,47.5,23.7,81.3,5.93,2181.5,Rice
92.9,45.7,43.6,25.9,86.1,5.86,2050.9,Rice
83.1,42.5,41.6,22.7,82.9,5.76,2448.4,Rice
81.6,45.2,44.1,25.9,81.1,6.1,2484.7,Rice
97.3,48.2,42.6,22.7,86.7,6.89,2278.4,Rice
91.4,42.8,47.7,22.7,83.2,6.14,2253.8,Rice
84.8,41.1,46.1,23.2,85.8,5.73,2240.6,Rice
66.0,45.5,48.4,20.5,65.6,6.99,1161.2,Maize
74.3,47.5,51.8,23.0,71.0,6.37,1205.9,Maize
60.5,54.3,53.3,23.9,66.2,6.68,1469.2,Maize
55.4,45.7,52.4,22.3,73.4,5.97,1397.6,Maize
56.0,46.6,46.6,23.3,71.7,6.43,1179.4,Maize
76.3,48.9,53.2,21.8,68.8,6.36,1150.7,Maize
72.4,50.0,47.3,23.6,68.8,6.45,1453.2,Maize
68.7,46.2,54.4,22.5,68.3,5.97,1397.0,Maize
68.6,50.3,53.9,23.2,66.5,6.17,1124.2,Maize
72.3,45.3,50.7,23.0,73.8,6.21,1410.6,Maize
53.3,53.5,46.3,21.6,73.0,5.98,1114.6,Maize
71.7,52.2,51.4,22.8,70.4,6.1,1172.8,Maize
55.4,54.1,50.8,21.6,69.6,6.94,1076.7,Maize
67.6,50.1,51.1,20.1,73.7,6.92,1282.6,Maize
70.9,54.2,52.1,20.6,70.8,6.53,1212.1,Maize
72.1,54.3,54.3,21.8,66.1,6.98,1419.4,Maize
53.7,54.2,53.7,22.1,70.9,6.28,1027.4,Maize
60.1,53.0,45.0,21.3,69.0,6.44,1459.9,Maize
60.4,48.5,52.4,21.8,67.2,6.34,1070.4,Maize
55.3,50.0,49.2,23.7,68.6,6.5,1316.1,Maize
50.4,51.6,46.8,23.8,66.5,6.3,1042.7,Maize
79.9,50.0,51.0,20.3,72.5,6.05,1449.0,Maize
56.2,46.9,45.4,21.9,70.6,5.88,1387.8,Maize
63.6,50.2,49.4,21.6,70.6,5.99,1091.0,Maize
75.9,54.5,48.7,21.1,71.4,6.29,1012.7,Maize
54.7,52.2,51.6,20.1,67.2,6.08,1335.9,Maize
50.6,46.0,53.0,20.7,71.5,6.09,1049.7,Maize
57.3,52.2,53.6,23.3,69.0,6.6,1102.5,Maize
58.8,54.0,45.1,20.3,67.1,5.83,1090.7,Maize
67.5,49.2,53.9,23.3,68.4,6.11,1189.8,Maize
67.7,47.7,51.2,21.6,70.5,6.32,1147.2,Maize
78.5,52.6,46.4,23.5,69.9,6.87,1399.9,Maize
62.8,45.2,47.7,22.2,71.3,6.11,1069.7,Maize
75.0,54.8,50.3,20.7,67.7,5.82,1457.1,Maize
53.5,50.8,47.7,22.2,71.5,6.8,1103.2,Maize
50.3,46.4,54.0,23.5,71.0,6.52,1332.5,Maize
55.3,54.1,49.2,21.5,70.2,5.86,1083.1,Maize
72.1,45.8,51.0,21.0,68.9,6.15,1177.8,Maize
71.6,48.0,50.7,21.9,71.6,6.92,1366.3,Maize
56.4,45.3,47.6,22.4,65.5,6.4,1298.4,Maize
60.0,52.7,46.1,20.3,72.3,6.39,1344.2,Maize
63.0,47.5,53.2,23.2,71.9,6.13,1295.1,Maize
60.8,45.9,54.2,20.5,74.5,6.34,1092.6,Maize
66.3,53.7,52.3,23.2,71.6,6.63,1424.6,Maize
57.5,49.9,47.2,24.0,74.4,5.85,1352.8,Maize
77.8,46.8,50.7,23.7,65.3,6.64,1148.7,Maize
77.7,54.7,54.4,21.9,73.6,6.81,1159.6,Maize
74.9,45.4,51.0,20.9,66.2,5.89,1348.1,Maize
60.2,52.2,45.7,21.3,70.4,6.75,1159.4,Maize
68.8,53.9,51.2,20.9,65.2,6.84,1010.6,Maize
76.2,50.3,54.4,23.2,75.0,6.22,1383.6,Maize
62.1,49.8,51.3,23.5,74.8,6.72,1208.9,Maize
62.6,52.4,47.4,20.4,68.5,6.14,1148.2,Maize
57.0,45.4,45.2,24.0,69.3,6.26,1339.8,Maize
56.5,54.5,52.9,20.4,69.2,6.85,1472.4,Maize
64.0,51.1,46.7,24.0,67.3,6.93,1324.8,Maize
68.2,50.1,47.3,20.7,67.2,6.02,1389.8,Maize
60.5,45.6,54.7,23.5,74.3,6.99,1086.9,Maize
61.9,52.6,52.0,20.6,73.2,6.07,1111.9,Maize
66.1,50.9,50.8,20.4,73.8,6.12,1064.8,Maize
76.7,54.6,53.6,23.2,71.6,6.46,1043.5,Maize
62.3,48.7,47.6,22.9,70.0,5.9,1110.1,Maize
70.5,45.8,53.5,22.0,69.8,6.51,1412.3,Maize
60.4,51.8,50.7,21.1,73.8,6.76,1329.2,Maize
75.5,53.7,52.1,23.3,72.0,6.62,1309.3,Maize
72.6,46.6,53.8,23.5,65.3,6.79,1064.4,Maize
60.1,52.4,46.6,23.3,73.3,6.41,1003.2,Maize
58.6,51.2,54.8,22.5,67.6,6.56,1270.0,Maize
73.4,46.1,52.6,22.2,74.6,6.21,1316.3,Maize
78.0,46.0,54.4,22.8,65.7,6.16,1354.1,Maize
52.0,50.8,48.5,22.5,65.5,6.85,1486.7,Maize
79.1,52.5,46.3,23.0,65.2,5.83,1161.8,Maize
64.7,52.7,51.8,21.8,67.7,7.0,1213.1,Maize
63.5,46.6,52.9,22.8,67.2,5.9,1340.2,Maize
69.6,47.7,54.5,20.6,69.3,6.93,1209.9,Maize
69.2,49.0,47.7,23.9,69.1,6.87,1115.0,Maize
56.4,45.3,51.5,21.5,73.6,6.37,1484.1,Maize
55.6,53.7,52.8,23.1,73.4,6.71,1313.1,Maize
53.9,45.3,54.2,22.5,73.0,6.38,1058.7,Maize
53.8,51.9,49.3,20.8,69.9,5.88,1291.0,Maize
58.1,53.0,48.1,21.8,65.1,5.89,1196.2,Maize
64.4,51.0,47.9,22.8,73.6,6.74,1019.8,Maize
64.4,46.0,47.4,23.9,66.4,6.4,1309.1,Maize
71.1,50.6,45.1,21.3,70.2,5.91,1175.3,Maize
51.0,45.8,49.0,20.5,70.7,6.63,1400.3,Maize
56.0,46.7,46.0,22.5,72.1,5.84,1468.1,Maize
51.6,50.4,52.1,23.5,72.1,6.76,1169.7,Maize
74.4,45.8,53.9,22.2,73.2,6.34,1321.8,Maize
65.8,52.3,45.8,20.2,67.5,5.99,1435.9,Maize
56.6,54.8,48.4,20.7,72.9,6.59,1249.1,Maize
66.7,52.2,47.3,24.0,74.7,6.58,1099.8,Maize
70.4,45.7,45.3,21.0,69.6,6.84,1363.6,Maize
72.3,49.3,48.5,21.5,74.9,5.85,1433.5,Maize
67.4,49.4,52.3,21.9,73.7,6.88,1210.9,Maize
58.3,50.9,54.1,20.8,71.2,6.56,1366.6,Maize
53.9,52.2,54.1,20.7,67.4,6.97,1090.5,Maize
75.6,49.9,47.5,23.5,69.5,6.42,1179.6,Maize
67.8,46.6,48.9,23.9,67.6,6.59,1162.6,Maize
73.2,46.3,54.7,21.8,67.4,5.89,1084.9,Maize
65.6,48.4,53.3,21.7,67.5,6.54,1353.4,Maize
58.4,35.0,31.1,25.4,76.6,6.45,1766.3,Chickpea
90.3,47.6,56.0,20.1,54.5,6.04,585.6,Chickpea
76.6,58.1,31.2,19.2,68.1,7.37,974.2,Chickpea
75.4,31.2,34.5,27.9,88.6,5.51,1927.7,Chickpea
82.0,56.0,43.6,23.2,69.6,6.83,709.5,Chickpea
51.5,39.2,51.1,20.0,76.9,7.44,640.9,Chickpea
83.6,43.3,56.0,19.8,77.7,7.18,1916.9,Chickpea
84.2,44.9,48.5,26.7,72.8,5.56,1896.4,Chickpea
84.5,50.3,36.5,24.6,65.8,6.8,659.9,Chickpea
82.9,60.0,31.4,27.8,66.3,7.24,1673.6,Chickpea
78.4,52.2,56.4,22.0,63.1,6.84,1711.8,Chickpea
88.1,53.9,43.1,26.2,54.8,6.59,508.6,Chickpea
66.2,41.0,41.9,25.0,65.5,6.4,856.3,Chickpea
68.7,36.8,32.2,24.0,76.7,6.74,1195.2,Chickpea
69.0,55.9,45.6,22.8,51.0,6.18,1070.3,Chickpea
69.9,47.4,46.0,24.1,80.6,7.13,1577.2,Chickpea
97.8,30.5,35.9,18.1,75.9,7.3,865.2,Chickpea
96.4,31.8,58.0,21.5,54.1,6.47,885.2,Chickpea
64.2,39.2,54.1,23.4,62.5,6.72,1574.2,Chickpea
63.6,42.4,33.7,19.8,77.2,5.86,1287.7,Chickpea
85.5,33.2,47.0,20.6,88.5,6.47,1709.0,Chickpea
77.5,31.3,49.0,27.5,74.1,7.14,1826.3,Chickpea
61.4,36.4,48.3,22.1,83.6,7.3,1030.1,Chickpea
61.8,53.4,38.2,26.2,66.9,6.84,643.3,Chickpea
81.2,43.6,47.6,19.7,79.5,7.23,825.1,Chickpea
54.8,30.7,49.3,24.1,71.9,5.96,1086.4,Chickpea
79.7,44.9,59.6,19.4,77.8,6.31,1142.3,Chickpea
85.9,50.8,59.7,19.3,54.2,6.95,1367.6,Chickpea
63.7,32.4,32.6,26.9,57.7,6.15,840.0,Chickpea
67.7,32.1,45.6,18.7,82.0,5.97,1310.0,Chickpea
94.0,49.5,46.0,21.2,63.3,6.84,1991.2,Chickpea
83.1,46.7,51.9,22.7,52.4,6.62,1936.4,Chickpea
58.8,50.7,36.0,23.4,53.9,6.4,1634.2,Chickpea
67.4,49.9,53.9,27.3,59.4,6.3,728.6,Chickpea
99.6,57.8,46.2,26.4,70.8,6.75,633.7,Chickpea
87.8,33.8,54.8,25.8,78.3,5.57,954.7,Chickpea
63.2,40.8,32.6,27.4,72.2,6.11,1095.5,Chickpea
72.4,48.0,45.5,27.2,69.9,7.48,1777.1,Chickpea
60.4,57.9,33.5,26.2,65.2,7.26,1802.1,Chickpea
90.3,53.7,39.1,18.8,66.1,5.85,1542.4,Chickpea
67.3,59.3,49.2,26.2,55.3,7.22,1884.1,Chickpea
74.4,48.2,52.9,19.7,70.1,6.3,719.6,Chickpea
68.4,32.0,30.8,19.4,88.5,6.6,1948.7,Chickpea
71.6,39.4,45.2,22.4,54.2,6.78,824.1,Chickpea
81.0,49.5,34.6,18.6,81.2,6.42,587.2,Chickpea
99.7,31.7,50.9,27.8,59.6,5.78,682.1,Chickpea
65.2,33.0,50.8,18.6,70.4,7.49,1721.0,Chickpea
80.8,39.2,48.7,23.3,67.0,5.76,1829.9,Chickpea
72.5,35.8,41.0,22.1,83.1,6.97,1654.0,Chickpea
50.6,42.5,44.4,18.2,60.4,7.02,705.7,Chickpea
76.8,36.5,30.4,20.4,89.0,7.1,1939.4,Chickpea
74.4,33.3,46.4,22.5,83.8,5.7,1232.4,Chickpea
57.5,39.7,52.1,22.8,65.0,6.29,1189.2,Chickpea
89.3,56.8,58.7,25.9,62.6,6.88,1156.4,Chickpea
62.7,55.2,31.2,27.0,68.5,6.77,1489.0,Chickpea
94.8,49.1,48.4,18.7,70.7,5.8,1606.2,Chickpea
75.6,50.4,31.3,18.8,78.7,5.64,606.9,Chickpea
50.6,58.7,52.1,21.5,61.9,6.2,1662.0,Chickpea
83.1,35.6,35.2,19.0,76.4,7.03,897.6,Chickpea
51.0,32.5,59.0,21.0,80.8,6.75,1072.9,Chickpea
60.3,33.6,48.5,25.7,75.8,6.56,562.9,Chickpea
98.4,54.0,38.8,27.8,74.1,6.66,1622.1,Chickpea
90.6,49.7,33.8,21.4,87.1,5.95,1058.3,Chickpea
71.6,43.2,48.4,27.4,59.6,5.74,796.2,Chickpea
94.3,49.4,38.6,26.2,84.5,7.19,1878.4,Chickpea
62.6,52.7,43.8,26.4,79.1,7.05,1484.2,Chickpea
58.9,46.4,59.5,27.4,51.7,5.83,697.6,Chickpea
86.3,54.5,36.4,23.1,83.6,6.97,1313.4,Chickpea
79.5,45.3,38.9,23.7,77.6,7.25,1454.4,Chickpea
88.1,34.8,43.8,18.1,59.9,6.95,1987.7,Chickpea
55.0,42.0,54.0,20.0,72.2,6.97,1424.0,Chickpea
59.4,40.7,53.5,23.5,50.2,7.02,553.0,Chickpea
87.3,36.1,58.7,21.7,63.1,5.8,958.4,Chickpea
93.8,59.9,41.0,22.5,78.9,7.27,1389.6,Chickpea
69.6,42.4,50.9,18.0,74.8,6.21,1691.3,Chickpea
54.6,47.6,44.4,24.4,52.6,6.66,1342.2,Chickpea
78.0,48.1,50.3,26.0,60.8,7.15,1247.4,Chickpea
53.9,31.8,40.0,25.8,78.3,7.08,1275.9,Chickpea
72.0,34.4,39.8,22.3,53.5,5.94,1397.3,Chickpea
86.8,60.0,58.0,24.4,66.8,6.77,1678.5,Chickpea
55.9,42.3,55.2,21.8,72.9,6.68,776.7,Chickpea
68.1,40.0,30.8,18.2,83.3,6.05,1277.1,Chickpea
64.9,58.2,37.8,22.3,84.9,7.18,779.2,Chickpea
90.1,43.7,44.5,19.3,53.2,6.96,1244.7,Chickpea
71.8,51.9,53.0,19.6,74.4,5.77,1627.1,Chickpea
82.8,58.7,32.1,18.6,61.3,6.02,870.5,Chickpea
95.3,37.5,38.2,25.6,68.0,7.05,598.0,Chickpea
74.4,31.0,31.9,27.1,55.6,6.56,1116.6,Chickpea
67.4,57.0,30.7,24.6,88.5,6.62,1905.2,Chickpea
52.6,42.6,37.8,25.3,89.3,6.01,1481.3,Chickpea
59.9,47.0,43.9,27.7,74.3,6.2,671.1,Chickpea
57.6,36.8,37.5,26.5,72.4,6.55,672.2,Chickpea
93.0,51.7,32.0,25.1,71.7,5.66,1187.5,Chickpea
74.2,35.0,58.4,26.5,76.8,6.42,1117.6,Chickpea
82.5,46.4,31.9,23.1,82.3,6.42,577.9,Chickpea
89.3,36.0,37.8,19.6,63.2,7.01,1279.1,Chickpea
60.2,56.3,56.4,26.7,59.6,6.4,1977.5,Chickpea
88.6,30.8,32.0,22.6,86.4,6.58,1246.7,Chickpea
55.3,49.7,54.7,21.8,81.0,7.43,805.6,Chickpea
76.2,38.6,53.8,23.8,75.4,7.1,1094.0,Chickpea
95.8,46.0,34.7,25.0,81.7,6.13,1785.8,Kidneybeans
95.3,38.3,59.5,19.4,58.1,5.87,1841.0,Kidneybeans
82.7,34.6,43.2,24.2,53.3,7.26,1705.4,Kidneybeans
75.3,59.0,42.5,27.8,76.7,6.77,748.9,Kidneybeans
94.1,42.8,34.9,18.1,72.4,6.55,1579.0,Kidneybeans
94.5,32.4,51.9,19.9,84.3,7.14,1311.2,Kidneybeans
85.5,39.4,44.1,26.2,68.4,6.22,1241.3,Kidneybeans
91.4,40.1,35.2,25.1,83.0,5.7,859.8,Kidneybeans
57.1,40.4,43.5,25.5,76.0,6.74,1028.6,Kidneybeans
92.1,44.1,59.4,24.3,55.1,6.85,987.7,Kidneybeans
84.3,32.1,35.2,26.6,59.1,7.17,918.9,Kidneybeans
82.1,50.8,45.4,21.1,58.5,5.57,955.9,Kidneybeans
82.7,58.1,56.1,25.7,81.5,6.83,890.4,Kidneybeans
95.4,50.1,46.8,19.1,67.9,6.42,1796.8,Kidneybeans
77.3,41.4,59.3,19.1,66.9,5.58,1609.9,Kidneybeans
95.9,38.4,55.8,20.9,86.4,7.01,1707.4,Kidneybeans
50.9,58.9,51.8,21.0,83.2,6.06,1809.1,Kidneybeans
55.6,51.1,46.2,19.0,59.7,5.52,1203.2,Kidneybeans
65.1,48.0,38.9,21.0,79.7,5.6,1854.3,Kidneybeans
92.6,50.0,47.8,26.9,57.4,5.66,859.3,Kidneybeans
89.7,31.0,47.5,28.0,84.2,6.54,595.5,Kidneybeans
91.6,48.0,33.4,18.9,86.4,6.84,1743.9,Kidneybeans
93.9,47.2,45.5,22.3,62.7,6.37,1660.8,Kidneybeans
80.1,56.8,43.3,24.1,75.3,6.68,1554.0,Kidneybeans
61.9,45.4,33.1,21.8,69.5,6.8,1925.8,Kidneybeans
80.0,52.3,45.2,24.3,52.8,6.01,1042.8,Kidneybeans
73.6,31.4,34.2,20.8,88.9,6.16,1223.1,Kidneybeans
59.8,48.3,38.4,20.1,70.7,5.51,511.5,Kidneybeans
61.0,31.1,33.2,21.4,82.1,6.64,1269.0,Kidneybeans
64.7,58.0,41.9,18.9,74.7,5.73,1017.8,Kidneybeans
75.4,56.2,44.8,25.0,89.7,5.76,912.1,Kidneybeans
69.7,42.7,42.3,27.1,78.6,6.72,964.1,Kidneybeans
91.2,58.7,54.6,18.0,75.5,5.6,886.4,Kidneybeans
53.0,48.1,50.6,19.1,65.4,6.41,1053.6,Kidneybeans
56.1,42.6,52.5,18.7,53.2,6.21,1912.6,Kidneybeans
83.4,50.4,40.9,23.9,50.4,6.77,1869.9,Kidneybeans
80.6,56.2,51.7,19.2,86.1,5.63,1301.0,Kidneybeans
57.1,30.4,42.7,21.0,69.4,6.65,565.6,Kidneybeans
56.2,46.8,40.3,25.3,76.1,7.19,1538.7,Kidneybeans
71.5,50.2,38.3,21.1,81.6,6.39,1697.6,Kidneybeans
91.1,55.7,57.5,22.3,62.8,6.66,1056.8,Kidneybeans
80.1,51.2,50.7,21.7,56.7,6.36,713.9,Kidneybeans
94.5,40.4,34.6,18.3,75.8,6.77,1010.9,Kidneybeans
53.6,42.3,39.3,24.8,74.2,6.23,826.8,Kidneybeans
99.4,43.6,50.6,19.4,69.4,5.56,1258.2,Kidneybeans
98.2,41.5,31.2,18.3,65.5,5.82,535.0,Kidneybeans
87.8,43.8,38.7,27.0,54.6,7.41,971.0,Kidneybeans
94.4,48.1,54.8,27.8,61.5,7.42,1084.2,Kidneybeans
69.3,40.2,46.2,19.5,72.1,6.58,1642.9,Kidneybeans
91.7,43.2,39.1,20.6,57.8,5.62,1013.7,Kidneybeans
63.5,59.0,46.7,21.5,73.2,5.78,1166.1,Kidneybeans
81.3,44.7,42.1,27.9,85.2,6.75,1354.1,Kidneybeans
81.0,36.0,41.9,18.4,69.0,6.59,841.6,Kidneybeans
98.2,57.3,51.7,23.3,84.8,5.76,1685.8,Kidneybeans
56.2,53.8,38.3,26.8,87.8,5.8,1194.0,Kidneybeans
99.0,44.5,55.9,23.9,65.0,6.07,804.8,Kidneybeans
88.1,41.6,45.3,22.9,73.1,7.23,1971.1,Kidneybeans
70.4,54.8,52.9,23.7,88.2,5.9,663.9,Kidneybeans
92.7,43.2,55.4,26.9,52.5,7.27,1172.5,Kidneybeans
75.5,48.8,57.8,18.2,69.1,6.88,1584.1,Kidneybeans
84.6,34.0,39.0,21.6,82.2,6.06,816.1,Kidneybeans
97.9,30.3,59.9,24.8,83.1,6.09,521.5,Kidneybeans
86.9,55.0,52.2,19.4,80.1,7.04,1487.8,Kidneybeans
88.3,55.4,48.4,18.9,69.5,5.66,1111.3,Kidneybeans
70.4,32.0,40.5,19.1,82.3,7.4,608.5,Kidneybeans
97.8,45.7,39.0,18.8,70.0,7.09,1560.6,Kidneybeans
52.5,32.2,42.1,21.0,59.3,6.06,1705.2,Kidneybeans
96.5,42.2,57.2,21.2,69.1,5.95,1460.7,Kidneybeans
98.9,48.1,40.7,24.5,54.9,7.28,1254.6,Kidneybeans
72.5,47.6,48.7,18.7,77.3,5.98,1570.9,Kidneybeans
91.1,54.1,46.6,23.2,55.7,7.05,907.1,Kidneybeans
74.8,38.5,34.0,24.3,52.2,7.0,976.4,Kidneybeans
50.0,45.3,31.4,20.8,78.3,5.63,1759.0,Kidneybeans
50.2,37.4,52.2,21.2,54.1,6.22,905.6,Kidneybeans
92.1,39.4,53.7,26.9,67.4,7.32,1066.0,Kidneybeans
98.2,32.7,50.6,22.9,65.5,6.77,1555.8,Kidneybeans
50.2,35.0,51.4,24.7,88.6,7.02,1926.2,Kidneybeans
85.1,38.9,33.2,25.8,75.8,5.6,1040.1,Kidneybeans
97.8,45.0,43.0,22.6,58.4,6.24,1054.7,Kidneybeans
52.6,53.0,42.5,26.2,84.0,5.92,1486.0,Kidneybeans
73.6,56.4,36.5,24.8,74.3,6.09,704.9,Kidneybeans
82.6,52.2,39.5,24.4,65.8,6.93,798.8,Kidneybeans
94.5,38.6,41.0,18.6,54.5,6.53,901.4,Kidneybeans
91.8,30.4,41.4,21.4,50.8,5.75,1120.5,Kidneybeans
74.6,42.1,45.9,24.0,50.4,6.43,1945.2,Kidneybeans
76.0,50.3,39.4,25.7,80.9,6.54,1964.0,Kidneybeans
56.3,30.5,53.1,26.1,54.8,6.03,526.3,Kidneybeans
64.7,53.2,45.5,21.5,64.9,5.5,949.7,Kidneybeans
82.3,59.2,55.4,18.2,85.9,7.07,1670.6,Kidneybeans
72.9,41.9,39.1,18.7,59.1,5.99,1226.1,Kidneybeans
87.4,44.2,31.7,27.6,87.7,7.07,1987.0,Kidneybeans
77.2,58.9,32.3,21.7,59.0,5.89,711.2,Kidneybeans
81.1,53.4,47.3,19.5,82.4,6.77,1082.2,Kidneybeans
83.7,37.8,40.4,27.2,61.6,6.44,1835.2,Kidneybeans
85.4,31.9,34.4,18.1,75.2,6.4,701.4,Kidneybeans
97.9,45.9,37.3,23.0,77.2,5.65,912.1,Kidneybeans
90.3,43.8,46.4,22.3,51.8,5.83,1168.3,Kidneybeans
60.5,31.5,55.3,27.8,81.7,7.21,863.0,Kidneybeans
98.0,35.9,58.5,27.9,78.5,7.46,1354.3,Kidneybeans
63.0,43.1,47.8,18.7,74.9,7.46,785.2,Kidneybeans
89.6,57.2,58.3,27.6,70.9,7.45,1636.0,Pigeonpeas
58.1,44.3,51.5,20.5,75.6,6.83,744.0,Pigeonpeas
78.3,53.1,45.0,18.1,50.4,6.21,1889.3,Pigeonpeas
61.4,49.0,36.7,21.2,83.9,6.96,643.1,Pigeonpeas
71.4,30.9,44.4,24.6,54.7,6.08,1096.8,Pigeonpeas
96.0,59.8,31.3,25.6,64.9,6.28,1631.4,Pigeonpeas
95.9,58.5,47.3,21.6,81.5,6.0,1346.1,Pigeonpeas
67.9,49.7,37.2,19.9,86.7,5.7,1258.9,Pigeonpeas
61.0,31.2,31.1,19.8,84.7,6.06,1925.7,Pigeonpeas
79.1,43.1,47.4,23.2,80.4,6.06,1029.6,Pigeonpeas
94.7,58.4,56.8,22.2,81.2,6.45,1246.3,Pigeonpeas
60.2,47.7,35.6,21.3,84.2,5.91,606.7,Pigeonpeas
53.5,58.2,45.2,22.1,82.4,7.17,998.3,Pigeonpeas
84.7,53.1,49.6,19.5,85.0,6.58,923.7,Pigeonpeas
71.3,31.1,33.8,25.7,50.0,6.33,1283.8,Pigeonpeas
52.7,59.2,36.8,21.0,62.2,5.96,502.2,Pigeonpeas
86.5,59.0,36.7,24.6,79.7,7.2,1133.9,Pigeonpeas
65.1,39.8,51.4,26.2,57.3,6.24,1852.9,Pigeonpeas
90.3,59.5,52.6,21.9,73.6,6.82,617.7,Pigeonpeas
77.2,51.3,35.0,25.8,73.4,7.4,563.6,Pigeonpeas
63.3,48.0,38.9,25.1,80.4,5.71,1270.8,Pigeonpeas
75.4,41.1,58.0,26.3,77.9,6.93,1192.6,Pigeonpeas
96.0,50.8,51.9,26.6,61.0,7.11,792.9,Pigeonpeas
67.3,40.1,59.4,26.6,78.0,6.95,1343.1,Pigeonpeas
97.4,44.9,41.4,19.6,81.4,6.97,1076.5,Pigeonpeas
51.3,55.2,30.3,25.0,88.8,6.38,852.5,Pigeonpeas
85.2,54.5,46.4,27.7,52.1,6.51,1577.7,Pigeonpeas
93.1,35.4,54.0,23.5,65.9,5.76,1797.9,Pigeonpeas
57.9,39.3,38.7,26.7,76.9,7.09,875.7,Pigeonpeas
81.2,47.2,55.0,27.1,50.5,6.85,577.8,Pigeonpeas
77.4,38.6,39.2,21.5,74.9,6.17,1599.0,Pigeonpeas
70.2,32.1,53.5,20.9,67.3,6.87,998.7,Pigeonpeas
52.8,41.2,58.3,24.4,76.9,6.76,798.5,Pigeonpeas
70.9,52.5,33.0,20.8,61.1,6.36,1970.6,Pigeonpeas
53.4,45.6,35.4,27.7,54.5,6.31,1606.8,Pigeonpeas
85.2,42.7,40.4,22.0,60.6,5.91,1224.6,Pigeonpeas
63.4,38.6,49.7,27.7,74.1,5.65,613.4,Pigeonpeas
97.6,38.9,32.8,24.0,74.9,6.8,901.1,Pigeonpeas
50.8,59.0,37.5,24.8,78.3,6.72,969.4,Pigeonpeas
63.6,47.9,56.0,27.5,54.2,5.81,1917.1,Pigeonpeas
86.8,56.5,36.1,23.9,78.0,6.86,1112.2,Pigeonpeas
50.8,47.5,37.6,22.5,88.3,6.3,1759.7,Pigeonpeas
59.4,50.2,59.3,19.0,50.3,6.37,638.9,Pigeonpeas
87.4,57.4,43.0,20.6,67.4,6.95,513.6,Pigeonpeas
79.5,48.4,49.1,20.4,78.6,5.68,798.9,Pigeonpeas
93.9,52.2,30.4,20.5,58.6,6.04,871.3,Pigeonpeas
53.1,43.8,52.0,24.1,76.9,5.66,1927.2,Pigeonpeas
91.9,54.2,54.7,27.3,71.8,5.9,1425.2,Pigeonpeas
87.1,52.1,45.6,18.7,64.8,7.34,1376.7,Pigeonpeas
76.9,38.1,41.1,27.0,76.7,7.07,1181.5,Pigeonpeas
81.5,37.5,51.2,22.3,67.7,6.8,1904.4,Pigeonpeas
53.2,54.7,38.8,22.4,50.9,6.1,1253.9,Pigeonpeas
52.8,44.7,57.8,19.1,80.6,6.32,1482.8,Pigeonpeas
63.0,34.8,34.8,18.7,57.4,6.83,1822.5,Pigeonpeas
90.7,50.6,33.3,20.9,62.4,6.0,1272.5,Pigeonpeas
76.8,40.7,40.6,26.3,81.6,6.12,1870.7,Pigeonpeas
97.6,39.8,40.6,23.1,87.6,7.25,653.9,Pigeonpeas
69.6,46.6,45.1,19.9,84.4,6.85,1756.9,Pigeonpeas
92.9,52.5,43.2,24.1,56.4,6.85,768.9,Pigeonpeas
84.7,36.9,33.5,19.7,50.1,6.94,1598.6,Pigeonpeas
75.7,34.8,32.5,18.2,56.6,7.28,862.3,Pigeonpeas
67.7,33.2,36.7,23.2,74.3,5.99,586.6,Pigeonpeas
69.6,37.0,36.6,27.6,74.7,6.61,1123.7,Pigeonpeas
71.4,46.2,50.9,25.0,56.9,6.5,1117.9,Pigeonpeas
93.5,48.9,46.0,19.2,74.2,5.73,1005.8,Pigeonpeas
57.1,50.8,36.2,21.9,85.8,5.91,1261.7,Pigeonpeas
71.0,30.5,53.8,18.7,69.0,6.62,1442.6,Pigeonpeas
84.4,37.6,30.3,25.2,71.4,7.17,1732.1,Pigeonpeas
92.2,44.6,40.0,25.9,68.1,5.87,1782.5,Pigeonpeas
94.1,44.0,32.3,21.9,82.1,7.3,805.2,Pigeonpeas
53.3,56.3,41.7,23.4,88.7,5.63,1472.5,Pigeonpeas
53.7,41.3,54.1,22.3,89.9,6.62,981.7,Pigeonpeas
61.0,40.5,41.2,18.7,64.8,6.43,1584.1,Pigeonpeas
82.8,51.3,30.3,20.2,76.5,6.47,508.0,Pigeonpeas
90.2,53.2,46.5,18.7,80.7,6.67,1672.9,Pigeonpeas
87.6,54.1,45.5,19.4,76.8,6.74,1613.4,Pigeonpeas
58.5,35.8,56.7,25.5,86.3,7.02,1395.7,Pigeonpeas
82.7,56.7,47.4,24.3,56.3,6.45,1574.6,Pigeonpeas
63.5,36.1,39.4,20.4,58.6,6.35,1861.8,Pigeonpeas
75.4,35.6,32.3,25.0,65.3,7.14,1489.3,Pigeonpeas
89.8,38.2,50.8,20.6,87.6,6.77,986.8,Pigeonpeas
63.5,35.7,50.8,20.2,73.8,6.03,1493.0,Pigeonpeas
90.7,53.3,52.8,19.9,53.5,6.9,1052.5,Pigeonpeas
71.6,30.9,37.8,18.3,85.2,5.99,1336.0,Pigeonpeas
51.9,50.0,39.7,27.0,85.5,6.15,1851.4,Pigeonpeas
99.8,54.8,55.3,20.5,73.1,5.63,642.4,Pigeonpeas
99.9,39.8,52.4,26.1,84.3,7.5,862.2,Pigeonpeas
52.0,42.3,33.9,18.2,64.4,7.07,1349.3,Pigeonpeas
65.6,49.6,37.0,18.1,80.6,6.75,1643.5,Pigeonpeas
51.9,55.1,48.6,23.6,75.0,7.23,1380.4,Pigeonpeas
79.0,59.7,52.7,22.4,78.3,6.28,843.3,Pigeonpeas
79.8,57.8,57.9,21.4,71.1,5.92,1993.4,Pigeonpeas
99.1,49.5,54.1,25.2,73.7,5.61,1182.1,Pigeonpeas
83.7,50.3,41.2,27.4,56.7,6.5,1536.3,Pigeonpeas
84.9,49.5,38.3,19.6,75.4,6.7,769.0,Pigeonpeas
85.3,43.7,50.0,26.4,56.8,5.54,1668.7,Pigeonpeas
80.5,51.0,55.1,26.0,88.4,6.57,1232.7,Pigeonpeas
70.1,34.6,47.2,20.8,86.9,6.67,1389.3,Pigeonpeas
67.7,31.6,31.0,22.2,53.4,6.71,1821.5,Pigeonpeas
94.1,49.8,36.3,26.6,85.4,5.89,1606.1,Pigeonpeas
64.3,54.1,59.9,18.3,85.9,6.75,1960.1,Mothbeans
73.3,55.4,31.9,21.4,52.7,7.45,1725.5,Mothbeans
92.6,58.1,32.6,21.9,52.8,5.92,844.0,Mothbeans
73.5,38.1,33.0,19.7,55.9,7.45,1638.9,Mothbeans
98.4,43.2,38.4,26.0,63.1,6.1,848.8,Mothbeans
56.5,37.7,40.7,24.7,52.5,5.92,1713.5,Mothbeans
57.3,40.3,55.9,19.5,53.3,6.47,953.6,Mothbeans
78.2,54.1,34.1,23.8,70.2,5.79,1436.0,Mothbeans
63.7,44.6,32.5,22.6,62.3,7.14,585.5,Mothbeans
70.9,43.8,51.8,23.7,76.7,7.05,1793.3,Mothbeans
65.7,46.1,55.2,27.9,85.6,6.24,792.7,Mothbeans
74.5,52.2,44.8,22.8,83.5,6.22,1789.7,Mothbeans
70.3,39.8,43.6,25.6,55.0,5.89,1927.2,Mothbeans
58.8,47.0,47.4,22.9,75.8,5.96,1329.0,Mothbeans
68.6,49.9,34.2,23.7,57.4,6.06,828.1,Mothbeans
59.1,54.8,38.6,27.3,88.8,6.64,714.5,Mothbeans
68.7,53.9,41.0,18.9,72.3,7.19,1693.9,Mothbeans
58.8,50.2,36.6,20.2,85.0,6.0,894.9,Mothbeans
50.0,56.1,53.8,24.3,80.0,5.8,1187.5,Mothbeans
67.6,32.8,44.6,27.2,51.6,6.08,811.3,Mothbeans
61.9,57.3,44.0,22.7,80.4,5.81,1230.9,Mothbeans
71.5,47.9,60.0,25.7,65.9,7.16,756.1,Mothbeans
51.5,36.1,40.2,23.1,74.6,7.32,1264.8,Mothbeans
75.1,31.5,31.0,23.5,67.5,7.18,741.0,Mothbeans
51.2,43.5,37.1,18.5,79.0,5.72,1412.5,Mothbeans
64.1,35.2,41.4,26.0,65.7,7.0,688.2,Mothbeans
88.6,37.1,50.3,23.7,87.2,6.27,599.2,Mothbeans
51.0,54.8,45.7,25.8,59.4,6.19,545.2,Mothbeans
98.1,50.0,58.0,20.7,74.5,6.86,976.3,Mothbeans
92.4,58.4,56.5,25.4,61.1,6.06,1945.0,Mothbeans
50.5,51.5,51.2,24.2,89.6,6.12,1010.0,Mothbeans
53.9,43.3,37.8,21.4,83.4,7.37,778.6,Mothbeans
68.6,57.9,31.9,18.9,56.5,6.69,725.7,Mothbeans
98.4,43.4,45.0,20.5,68.8,6.82,1626.8,Mothbeans
87.7,47.3,57.1,26.2,80.3,5.61,510.3,Mothbeans
60.6,49.9,42.3,22.0,85.4,7.29,1863.8,Mothbeans
65.7,50.7,38.1,19.9,57.4,6.18,1144.9,Mothbeans
91.5,33.6,52.0,23.3,61.5,6.49,949.9,Mothbeans
79.8,43.0,34.9,19.2,71.9,7.3,1015.9,Mothbeans
86.7,49.8,57.9,26.2,72.7,6.81,1847.6,Mothbeans
70.0,39.8,30.3,26.3,82.0,5.71,1365.3,Mothbeans
73.2,33.6,59.4,20.1,52.7,6.69,1608.3,Mothbeans
51.6,49.8,46.0,19.0,56.9,6.64,944.5,Mothbeans
96.9,54.6,59.5,20.6,88.8,6.36,1021.3,Mothbeans
52.5,31.6,50.8,22.6,59.1,6.73,879.3,Mothbeans
78.9,40.8,54.7,26.2,69.1,6.2,1043.8,Mothbeans
90.3,39.8,36.3,18.8,68.7,6.46,1761.4,Mothbeans
61.1,41.4,54.3,26.2,65.4,6.42,954.9,Mothbeans
96.6,33.6,58.0,24.8,71.3,5.57,1213.4,Mothbeans
70.4,34.8,49.7,27.7,72.5,6.93,602.7,Mothbeans
70.9,33.5,48.4,27.4,76.5,5.65,1032.0,Mothbeans
77.5,42.1,55.0,26.1,74.5,6.25,883.0,Mothbeans
55.3,40.6,42.4,24.8,76.3,5.64,1092.9,Mothbeans
59.1,34.7,54.8,18.4,66.8,5.84,1819.0,Mothbeans
77.9,36.9,45.1,25.3,88.3,5.94,1829.3,Mothbeans
96.7,57.5,49.1,24.3,66.1,7.0,1296.9,Mothbeans
83.9,42.9,51.9,26.2,55.9,7.17,1310.4,Mothbeans
92.2,42.9,41.4,27.2,60.0,7.19,1226.0,Mothbeans
75.7,39.3,47.2,21.3,51.6,6.04,509.6,Mothbeans
98.9,59.0,41.9,25.3,63.8,6.84,1708.1,Mothbeans
97.3,42.0,53.5,20.7,89.6,5.55,1405.3,Mothbeans
83.0,50.6,33.6,27.4,57.2,6.75,834.0,Mothbeans
65.4,46.4,42.5,19.6,56.8,6.34,1635.9,Mothbeans
94.9,32.5,41.8,19.0,50.7,6.82,1403.7,Mothbeans
58.2,37.0,30.7,26.3,89.0,5.77,847.2,Mothbeans
93.4,57.8,42.6,18.5,51.6,6.65,1089.3,Mothbeans
51.4,47.5,30.3,25.9,62.3,5.58,1382.5,Mothbeans
69.9,59.2,46.3,20.8,78.4,6.04,1856.4,Mothbeans
68.7,46.5,31.5,22.3,83.3,7.11,836.5,Mothbeans
61.3,54.5,57.9,19.0,68.0,6.17,1806.0,Mothbeans
54.2,36.3,52.6,18.5,69.7,6.38,1001.6,Mothbeans
69.7,45.9,34.8,23.7,82.2,7.02,730.8,Mothbeans
57.5,38.0,40.8,22.1,77.2,5.61,552.0,Mothbeans
69.6,50.9,35.8,24.4,60.4,7.27,1843.5,Mothbeans
64.9,36.9,42.3,20.4,76.9,7.15,1509.6,Mothbeans
91.2,41.9,34.7,25.4,64.4,6.84,906.0,Mothbeans
54.1,59.8,34.7,27.9,89.1,7.09,1489.1,Mothbeans
78.9,56.0,38.7,22.7,74.8,6.32,1141.2,Mothbeans
66.5,46.9,55.5,20.0,87.4,6.88,1734.9,Mothbeans
77.8,53.4,30.5,26.2,51.6,7.28,1987.9,Mothbeans
64.7,36.3,53.0,20.5,84.6,5.71,688.9,Mothbeans
99.0,50.2,55.4,21.2,77.1,6.69,1404.7,Mothbeans
84.1,47.3,42.9,20.8,80.7,5.95,1538.5,Mothbeans
61.7,48.8,52.4,20.2,52.4,5.76,1409.0,Mothbeans
92.5,31.3,52.0,21.4,69.1,7.36,998.0,Mothbeans
73.3,30.4,32.4,20.6,51.1,6.76,1139.6,Mothbeans
77.4,35.2,38.9,24.6,88.6,5.6,1835.6,Mothbeans
78.8,46.9,45.0,18.7,53.6,6.7,1011.4,Mothbeans
95.9,42.2,34.3,25.1,61.7,6.55,1546.7,Mothbeans
95.0,53.8,50.3,24.8,87.8,6.09,501.7,Mothbeans
63.6,36.5,49.9,24.3,73.7,5.53,1593.2,Mothbeans
66.2,50.0,46.7,21.4,55.4,5.69,1747.3,Mothbeans
95.9,49.5,33.1,22.0,79.2,7.06,677.3,Mothbeans
50.0,51.4,40.7,20.5,50.5,6.58,1776.7,Mothbeans
97.9,47.0,45.4,18.9,72.0,6.26,1410.7,Mothbeans
69.4,37.2,32.8,21.1,53.9,5.85,1981.0,Mothbeans
72.2,46.0,56.2,28.0,73.3,7.12,990.4,Mothbeans
65.3,42.1,50.2,24.8,62.6,5.77,1448.6,Mothbeans
56.4,47.4,50.8,25.0,80.1,7.25,1249.9,Mothbeans
86.5,48.6,35.6,18.3,61.4,6.39,1425.7,Mothbeans
92.5,35.9,33.8,27.6,54.3,6.46,1378.3,Mungbean
77.1,32.6,31.7,19.1,73.4,6.59,850.6,Mungbean
81.9,54.6,31.2,23.0,77.6,6.0,961.7,Mungbean
80.7,56.9,54.3,23.8,79.2,6.23,1461.4,Mungbean
73.3,35.7,51.1,23.6,64.3,7.32,531.4,Mungbean
65.8,31.7,53.0,25.0,63.3,6.85,1093.9,Mungbean
87.8,43.6,42.4,27.3,60.0,5.74,1376.8,Mungbean
98.5,41.3,31.9,21.4,70.2,5.82,1487.2,Mungbean
99.9,43.6,40.6,22.0,54.6,7.27,1122.2,Mungbean
69.4,49.8,43.3,24.5,52.5,7.13,1910.8,Mungbean
82.4,58.6,34.5,22.8,74.1,6.66,1102.2,Mungbean
66.9,33.8,41.8,19.6,79.4,5.92,587.8,Mungbean
77.6,47.9,56.2,23.8,63.8,7.11,1310.4,Mungbean
54.0,47.0,57.2,22.0,61.9,5.79,727.2,Mungbean
71.6,47.9,32.4,27.4,80.2,6.67,1742.7,Mungbean
54.0,44.3,48.9,26.3,81.3,6.05,1911.3,Mungbean
56.2,56.3,59.1,19.8,78.9,5.58,1108.1,Mungbean
75.8,47.4,58.1,24.7,69.3,7.12,1925.8,Mungbean
51.1,59.5,32.6,26.1,61.2,5.76,1159.8,Mungbean
82.2,41.4,31.6,24.0,86.1,6.27,824.5,Mungbean
72.1,31.5,54.6,26.3,73.5,6.21,1699.7,Mungbean
77.7,54.8,48.9,25.8,73.9,6.33,1936.9,Mungbean
77.1,48.2,36.6,24.3,72.9,5.87,589.4,Mungbean
80.2,52.9,45.7,20.3,76.7,5.66,1162.8,Mungbean
58.2,35.5,36.1,21.9,52.0,6.3,1267.6,Mungbean
74.2,41.5,55.2,19.5,70.2,5.62,606.7,Mungbean
78.7,47.0,56.3,23.6,88.4,5.6,647.0,Mungbean
52.2,35.6,46.2,24.5,51.8,7.39,1763.2,Mungbean
64.8,32.3,35.1,19.3,54.9,6.54,868.8,Mungbean
67.9,59.7,50.5,27.5,55.7,6.26,1332.1,Mungbean
53.8,30.1,50.1,24.4,66.4,6.48,1123.2,Mungbean
51.2,40.1,35.3,19.0,88.3,6.7,1593.0,Mungbean
65.8,41.8,37.1,19.0,57.2,7.1,1516.3,Mungbean
77.3,44.3,57.7,18.7,61.2,6.2,1673.6,Mungbean
99.6,37.2,56.2,26.3,59.0,6.3,1114.5,Mungbean
98.9,35.4,54.0,21.3,79.2,6.34,1367.5,Mungbean
91.6,54.1,56.0,18.6,77.7,5.78,1123.7,Mungbean
77.4,42.1,45.6,28.0,55.4,6.85,1094.0,Mungbean
56.7,34.8,58.5,26.8,86.3,7.48,812.5,Mungbean
67.8,50.1,44.5,22.2,64.3,6.69,1363.4,Mungbean
58.1,44.2,46.6,23.7,58.4,6.98,537.8,Mungbean
67.7,53.4,46.9,20.6,77.8,6.63,1694.4,Mungbean
86.8,48.3,44.6,19.3,60.5,6.34,1398.9,Mungbean
75.7,38.6,30.2,23.0,61.4,6.97,535.9,Mungbean
79.2,58.2,35.2,22.7,53.7,6.75,1325.8,Mungbean
70.4,45.6,56.9,20.0,50.9,7.22,1365.7,Mungbean
94.5,47.9,54.3,22.3,80.0,7.33,1358.2,Mungbean
59.0,38.1,36.0,20.5,62.3,6.61,1382.0,Mungbean
71.3,48.5,32.4,18.9,56.9,6.54,821.0,Mungbean
64.2,42.0,54.4,18.1,76.0,6.84,1698.0,Mungbean
96.6,30.6,34.6,26.9,68.3,6.63,1494.5,Mungbean
84.0,58.0,59.9,25.2,61.5,7.26,573.8,Mungbean
61.6,56.9,37.7,20.2,55.5,7.22,1250.1,Mungbean
83.7,37.2,52.7,25.6,62.5,6.32,814.5,Mungbean
98.8,49.4,58.0,21.0,81.3,7.03,1537.5,Mungbean
98.3,41.8,33.9,24.7,79.2,6.65,810.2,Mungbean
75.2,39.4,42.8,24.5,79.8,5.96,1108.0,Mungbean
63.5,36.0,53.5,27.1,64.8,7.0,1845.5,Mungbean
92.3,35.5,58.7,21.8,63.6,5.62,1229.3,Mungbean
55.5,37.5,39.5,26.1,85.0,6.1,1788.0,Mungbean
92.9,52.9,34.4,24.9,87.8,6.87,997.4,Mungbean
75.0,49.4,45.3,19.2,62.5,7.1,1792.1,Mungbean
56.9,58.6,39.9,24.6,80.1,7.12,1918.6,Mungbean
65.6,55.8,34.0,25.1,79.7,6.86,878.5,Mungbean
93.7,35.1,31.6,25.2,69.0,7.2,1075.1,Mungbean
58.4,55.1,46.5,19.9,78.8,6.52,1406.5,Mungbean
73.0,54.9,54.9,25.1,54.2,7.18,1506.5,Mungbean
84.9,40.9,56.4,25.3,54.5,6.32,1829.6,Mungbean
52.4,58.8,50.4,24.3,60.8,6.0,1913.1,Mungbean
64.9,53.3,41.8,19.4,50.4,6.59,1963.7,Mungbean
68.5,40.7,40.3,23.2,67.6,7.26,1258.3,Mungbean
75.4,34.2,59.5,20.5,52.9,6.83,1393.0,Mungbean
70.8,42.7,53.6,20.0,82.8,6.8,1128.5,Mungbean
72.9,37.7,52.6,23.1,62.8,6.69,1993.6,Mungbean
71.8,57.6,40.4,18.5,58.2,6.34,829.5,Mungbean
50.0,57.5,55.3,25.4,56.7,5.74,601.4,Mungbean
86.2,57.9,42.9,19.2,70.5,6.2,1062.2,Mungbean
81.1,51.6,33.3,18.4,89.8,5.97,580.7,Mungbean
59.5,31.2,41.8,26.0,63.6,6.39,1513.4,Mungbean
75.4,55.8,56.0,18.1,81.1,6.42,1983.3,Mungbean
74.2,59.6,52.6,20.5,71.5,7.48,1786.3,Mungbean
54.9,51.2,40.4,18.1,66.1,5.97,1728.3,Mungbean
66.9,54.8,30.0,21.1,59.6,5.97,602.3,Mungbean
59.4,46.7,38.7,22.2,65.1,7.25,1857.9,Mungbean
74.6,39.9,33.2,27.5,52.4,6.1,947.1,Mungbean
66.0,34.9,53.5,19.2,75.4,5.75,605.8,Mungbean
95.5,35.7,54.6,23.4,53.1,7.41,870.4,Mungbean
93.0,35.1,55.6,18.1,70.5,7.04,1902.2,Mungbean
95.5,54.6,56.6,20.0,61.4,6.08,1065.6,Mungbean
69.7,46.3,34.8,24.9,56.7,6.12,1255.0,Mungbean
89.8,52.2,49.4,19.6,71.9,5.67,1066.0,Mungbean
70.7,31.2,38.2,27.6,88.1,6.2,564.7,Mungbean
59.0,41.8,58.4,19.4,80.5,5.72,1971.9,Mungbean
69.1,53.3,40.3,24.3,57.7,5.79,1907.1,Mungbean
95.9,56.6,48.8,26.1,52.8,6.17,970.6,Mungbean
81.8,40.7,34.5,24.0,82.6,6.26,698.4,Mungbean
59.8,37.1,39.0,24.4,74.0,6.89,1043.8,Mungbean
91.2,36.1,44.1,26.0,57.2,5.72,1825.5,Mungbean
67.1,50.5,30.8,24.9,62.6,5.61,1414.7,Mungbean
62.0,41.6,32.4,19.5,61.9,5.68,1866.2,Mungbean
50.3,44.5,33.7,21.1,87.0,5.82,1948.7,Blackgram
60.3,52.2,46.4,26.8,72.2,6.57,793.2,Blackgram
58.3,57.5,39.8,21.7,80.4,6.18,1928.1,Blackgram
86.9,47.9,56.4,18.5,60.3,6.43,840.5,Blackgram
87.2,57.6,42.7,21.4,88.5,6.39,1233.6,Blackgram
67.6,57.3,47.1,25.6,82.5,6.18,1150.5,Blackgram
92.4,40.9,53.8,27.4,74.9,6.98,1707.6,Blackgram
92.3,41.9,31.5,22.0,77.0,6.4,1623.4,Blackgram
67.8,49.0,35.6,25.5,71.8,5.91,937.9,Blackgram
87.4,44.5,36.5,27.7,78.6,7.41,1140.7,Blackgram
73.8,56.9,45.8,25.1,60.1,6.39,685.2,Blackgram
60.3,30.0,31.2,27.8,59.7,6.83,1758.6,Blackgram
77.5,34.6,51.8,24.0,79.3,7.04,1963.1,Blackgram
78.7,40.2,49.5,18.7,85.9,5.74,991.8,Blackgram
90.8,47.9,41.8,22.7,84.2,6.18,1804.5,Blackgram
54.4,53.3,55.4,19.8,67.2,5.83,1559.9,Blackgram
76.8,49.1,35.9,20.1,51.7,6.14,1339.6,Blackgram
92.9,50.0,43.1,27.5,78.8,7.36,1291.4,Blackgram
62.9,31.6,51.8,19.2,62.1,6.56,1346.6,Blackgram
80.0,35.0,41.4,24.2,88.8,6.96,1883.9,Blackgram
88.1,47.8,35.8,24.7,74.9,6.7,1234.7,Blackgram
76.4,40.0,45.6,20.0,82.2,5.87,627.4,Blackgram
71.8,49.7,43.1,20.8,72.3,6.19,1899.3,Blackgram
96.1,45.1,39.8,25.4,51.5,6.45,1004.5,Blackgram
96.0,30.4,46.6,25.4,69.4,5.67,1958.7,Blackgram
75.9,48.4,37.1,22.8,67.2,5.65,659.2,Blackgram
91.9,37.2,35.8,23.0,80.7,5.62,1365.2,Blackgram
56.0,31.1,31.6,26.3,54.7,5.59,1156.8,Blackgram
92.2,37.9,42.7,18.4,68.0,6.66,1356.4,Blackgram
66.6,39.5,33.2,21.7,54.0,7.03,1949.4,Blackgram
98.5,56.0,48.0,25.0,61.4,6.76,1183.5,Blackgram
74.1,52.7,38.5,21.2,87.0,5.61,1228.5,Blackgram
95.6,48.3,46.4,20.5,63.7,7.2,1338.8,Blackgram
75.7,33.0,30.5,27.6,65.1,6.71,619.6,Blackgram
84.2,58.0,47.3,19.3,73.3,7.03,1109.6,Blackgram
94.0,49.5,57.0,24.2,55.3,6.12,802.7,Blackgram
95.4,52.8,50.3,21.0,57.4,7.01,1211.2,Blackgram
61.3,48.5,31.2,21.3,68.7,5.8,1977.0,Blackgram
60.5,33.9,36.1,25.7,67.0,6.63,531.5,Blackgram
51.7,43.4,54.5,26.9,53.5,6.58,1869.8,Blackgram
69.4,54.9,34.0,27.4,80.1,7.38,1514.9,Blackgram
68.2,58.1,38.3,21.3,78.0,7.03,1894.1,Blackgram
60.2,53.9,52.2,18.6,65.5,6.07,956.7,Blackgram
99.1,49.3,51.5,27.8,65.1,7.1,1151.8,Blackgram
93.5,35.4,58.4,20.2,63.0,7.01,1090.6,Blackgram
80.4,43.3,52.3,20.3,52.3,6.1,1211.5,Blackgram
58.4,40.6,42.0,18.6,73.3,7.27,727.6,Blackgram
79.9,49.9,42.6,25.0,66.4,6.51,511.0,Blackgram
84.6,49.8,31.2,21.7,89.2,6.34,1252.9,Blackgram
95.5,51.5,47.5,26.0,84.6,6.41,1212.7,Blackgram
69.3,59.0,50.9,18.8,84.5,6.46,603.1,Blackgram
77.5,42.5,56.3,20.0,83.1,6.62,581.9,Blackgram
98.6,45.4,38.7,22.7,84.3,6.11,789.0,Blackgram
56.5,38.9,53.4,22.7,59.1,5.83,999.1,Blackgram
97.0,40.3,59.6,22.9,57.2,7.28,1190.5,Blackgram
85.5,59.5,31.5,19.0,78.8,6.06,776.5,Blackgram
52.0,30.7,53.2,19.3,68.7,6.71,1142.5,Blackgram
51.4,53.5,30.3,25.6,85.7,6.37,1303.3,Blackgram
73.8,41.7,56.6,26.9,63.4,6.73,1890.4,Blackgram
98.1,45.3,43.6,20.8,88.4,5.79,1369.7,Blackgram
64.1,38.4,42.1,28.0,52.2,6.66,623.9,Blackgram
57.7,43.2,45.3,20.6,62.7,5.67,954.8,Blackgram
98.3,58.3,40.0,23.7,86.4,5.51,1716.0,Blackgram
97.4,32.7,34.8,27.6,71.5,5.53,886.4,Blackgram
72.5,50.8,52.0,28.0,61.5,6.58,1300.0,Blackgram
70.3,35.1,59.3,26.5,69.9,6.71,840.9,Blackgram
77.2,50.8,45.5,27.9,74.5,6.24,1658.2,Blackgram
58.5,41.5,40.4,22.3,81.3,6.47,1691.0,Blackgram
78.8,40.3,54.3,20.4,59.0,6.51,891.3,Blackgram
50.5,49.4,45.3,22.5,88.7,6.64,1795.1,Blackgram
57.0,47.1,56.0,23.8,78.7,6.24,638.7,Blackgram
72.9,41.8,56.0,20.4,88.7,7.42,871.4,Blackgram
67.4,56.9,59.0,22.4,62.8,6.55,1531.7,Blackgram
63.7,52.1,31.5,18.5,65.5,6.21,973.4,Blackgram
74.6,39.6,35.8,21.1,89.0,6.32,1167.1,Blackgram
78.8,59.5,37.2,24.8,78.6,6.71,632.9,Blackgram
83.8,31.9,47.9,25.4,58.4,7.18,545.5,Blackgram
92.2,43.8,36.5,19.3,88.1,5.65,798.6,Blackgram
67.4,48.6,46.3,19.3,61.6,5.98,820.3,Blackgram
70.6,51.1,36.5,21.7,65.6,7.45,1932.0,Blackgram
90.0,37.2,32.0,21.2,60.7,6.51,1666.6,Blackgram
92.9,55.3,40.8,24.9,62.5,5.62,1552.3,Blackgram
50.5,42.3,39.9,24.9,80.6,6.11,1717.4,Blackgram
64.7,43.4,51.8,24.9,89.5,5.95,1493.5,Blackgram
80.5,57.5,34.7,25.5,72.7,6.05,1211.7,Blackgram
66.7,47.4,56.7,23.7,75.3,6.54,576.7,Blackgram
61.6,44.8,39.3,19.8,70.2,6.15,887.2,Blackgram
73.2,34.0,57.8,26.7,78.3,5.71,1663.8,Blackgram
90.4,53.0,33.4,24.4,83.4,6.65,1469.6,Blackgram
72.9,45.9,31.0,24.4,53.3,6.37,939.0,Blackgram
77.3,34.0,50.7,26.0,56.5,5.71,718.3,Blackgram
93.9,45.8,44.0,19.1,76.0,7.24,1742.3,Blackgram
81.3,32.3,33.4,18.5,60.3,5.77,890.1,Blackgram
69.3,58.3,48.3,26.3,78.4,5.73,1603.9,Blackgram
63.8,49.2,40.2,28.0,60.5,6.06,1896.0,Blackgram
51.2,50.9,51.8,26.4,89.0,7.45,597.9,Blackgram
91.1,49.4,49.4,19.3,76.0,7.46,1867.7,Blackgram
72.0,31.2,40.9,26.3,78.1,6.42,582.7,Blackgram
71.3,44.1,57.9,24.4,62.5,6.55,599.1,Blackgram
98.6,40.8,44.3,21.6,77.3,6.82,1573.0,Blackgram
63.4,39.5,33.8,24.6,51.6,6.7,1804.5,Lentil
94.5,43.5,43.8,18.8,76.8,7.14,867.0,Lentil
71.1,55.2,56.3,20.4,72.0,5.88,652.8,Lentil
95.6,54.6,52.8,18.5,83.7,6.38,1013.6,Lentil
77.3,32.7,52.7,23.8,57.5,5.88,776.4,Lentil
52.9,47.6,55.2,18.2,52.0,6.65,1729.2,Lentil
66.3,40.5,47.9,20.7,51.1,6.97,1438.5,Lentil
79.0,52.3,50.3,20.1,64.1,5.75,694.8,Lentil
83.8,55.8,58.9,24.3,57.4,5.71,1719.3,Lentil
78.9,48.5,53.4,25.0,83.4,5.61,1621.3,Lentil
92.5,38.6,49.2,21.1,88.3,5.57,1369.7,Lentil
58.3,51.4,35.3,20.4,69.8,7.33,817.6,Lentil
57.2,52.8,45.0,27.1,55.9,6.79,849.3,Lentil
57.8,50.5,47.8,25.5,62.4,6.4,1108.2,Lentil
99.2,38.8,38.8,21.5,72.6,6.0,1872.9,Lentil
63.3,56.9,33.1,24.6,86.3,5.84,1952.5,Lentil
72.6,58.4,50.3,21.0,57.5,6.11,639.5,Lentil
57.2,33.1,42.7,26.0,55.7,5.76,1465.1,Lentil
59.9,32.9,35.0,27.2,82.9,6.21,1483.7,Lentil
76.9,50.3,50.5,24.3,60.6,5.58,1183.4,Lentil
94.5,47.1,55.0,27.9,56.5,6.88,1511.4,Lentil
99.0,59.6,50.6,20.4,81.9,5.71,1671.0,Lentil
95.5,41.5,48.9,22.3,67.5,6.12,1643.2,Lentil
96.8,58.2,35.2,26.7,79.5,6.01,600.9,Lentil
63.4,57.4,49.0,25.2,60.3,6.94,542.2,Lentil
68.8,48.8,34.4,26.2,59.4,6.8,1107.8,Lentil
79.8,33.2,30.5,27.1,60.8,7.14,1999.0,Lentil
60.6,38.0,49.9,27.7,86.6,6.51,1692.7,Lentil
56.8,59.3,58.9,19.6,62.0,5.7,907.6,Lentil
90.8,41.3,32.7,21.4,89.3,6.76,1124.2,Lentil
58.3,59.6,54.6,20.8,52.8,5.61,680.6,Lentil
79.0,57.9,44.9,26.4,67.8,6.92,1597.8,Lentil
58.7,40.8,49.1,18.7,64.5,6.57,1994.3,Lentil
73.7,54.5,43.0,26.0,73.8,7.27,1116.4,Lentil
80.2,48.9,42.5,19.4,53.7,5.53,1810.3,Lentil
61.8,36.3,52.1,21.2,70.2,5.83,1939.6,Lentil
92.6,55.9,42.2,25.6,55.8,5.52,530.0,Lentil
79.3,43.7,45.5,18.1,66.9,6.94,1164.0,Lentil
86.6,37.0,54.4,23.9,58.4,5.97,1442.0,Lentil
91.5,42.5,37.7,26.7,76.8,6.4,1231.9,Lentil
60.2,48.8,40.8,28.0,69.2,6.47,1348.8,Lentil
95.8,54.0,43.5,25.2,73.4,6.48,788.5,Lentil
73.2,37.4,57.4,21.4,88.1,6.57,1447.3,Lentil
77.1,33.9,41.3,19.0,74.9,6.39,1667.0,Lentil
61.0,34.9,42.2,27.3,78.4,6.34,1275.9,Lentil
54.2,59.5,50.0,20.9,73.4,5.72,1948.8,Lentil
58.7,49.4,37.4,25.2,81.1,6.85,1421.7,Lentil
94.6,32.4,39.9,20.5,89.5,6.28,1598.9,Lentil
84.2,36.4,37.2,20.8,66.4,5.97,529.5,Lentil
94.0,59.0,40.2,21.4,50.3,6.86,1738.2,Lentil
57.3,34.8,53.7,24.2,51.8,6.75,963.4,Lentil
68.4,53.1,54.3,22.0,87.9,6.31,1657.8,Lentil
74.2,56.9,57.2,18.9,87.5,7.15,1687.0,Lentil
60.0,54.2,55.5,20.9,88.1,5.6,724.9,Lentil
76.9,47.3,49.4,18.2,88.4,5.59,714.6,Lentil
50.7,47.0,58.0,24.7,82.9,5.53,1313.0,Lentil
73.0,45.0,32.2,24.8,70.1,7.03,1227.9,Lentil
57.5,49.4,35.2,26.7,74.5,5.81,1943.5,Lentil
75.9,32.2,48.8,20.5,82.1,7.14,1968.4,Lentil
75.1,43.6,52.6,19.3,71.9,6.59,634.2,Lentil
70.9,55.6,55.7,19.0,53.6,6.03,1812.1,Lentil
56.4,51.6,33.0,24.2,64.2,7.08,850.5,Lentil
82.0,37.1,51.4,26.7,55.1,7.23,1390.4,Lentil
56.4,42.8,34.8,25.0,80.4,5.71,1259.2,Lentil
90.7,58.1,45.4,27.5,71.4,6.29,1772.3,Lentil
74.6,44.2,44.7,26.5,83.3,6.31,999.9,Lentil
74.6,47.2,37.2,25.9,69.5,6.17,660.2,Lentil
61.9,58.5,39.2,19.7,68.4,6.11,552.7,Lentil
66.2,46.3,46.6,21.6,67.9,7.43,1066.0,Lentil
62.9,37.3,43.7,25.6,58.2,6.92,531.7,Lentil
70.9,53.3,40.2,23.6,58.2,6.98,578.4,Lentil
92.6,35.9,56.2,21.5,78.9,6.14,1858.9,Lentil
56.3,35.4,44.8,18.8,57.8,7.39,1964.7,Lentil
68.8,57.7,46.3,20.7,78.1,6.82,1983.7,Lentil
63.3,50.2,31.6,19.1,50.2,7.5,1703.4,Lentil
89.3,45.3,39.0,19.5,61.4,6.25,1634.5,Lentil
77.0,32.3,30.5,19.0,66.4,7.37,1456.1,Lentil
90.1,44.0,40.8,19.1,85.0,7.07,752.2,Lentil
75.6,44.6,48.8,27.5,73.2,6.58,575.5,Lentil
53.1,35.6,31.0,25.4,78.9,5.77,1754.1,Lentil
57.7,39.0,37.5,21.7,60.2,6.48,1111.1,Lentil
99.3,31.7,34.3,18.5,75.0,5.61,1754.7,Lentil
75.6,45.8,46.8,19.7,57.9,6.14,1390.2,Lentil
60.5,33.5,59.1,18.2,82.1,7.08,945.8,Lentil
56.8,34.4,50.9,24.4,81.3,7.37,1537.9,Lentil
57.8,37.3,55.3,20.1,52.9,6.91,1103.8,Lentil
96.0,49.5,32.7,27.5,60.3,6.17,1103.4,Lentil
52.6,44.9,33.7,22.0,64.0,7.05,1704.8,Lentil
57.7,41.0,41.2,19.5,81.9,6.91,785.6,Lentil
68.3,33.2,48.8,19.2,89.4,7.06,1085.4,Lentil
78.9,57.3,46.6,19.7,65.1,7.19,1466.3,Lentil
82.5,56.0,56.8,27.2,53.8,6.59,1610.8,Lentil
87.8,48.2,35.0,26.0,78.8,5.67,1195.7,Lentil
58.7,40.1,30.5,22.0,72.0,6.74,1495.2,Lentil
91.8,36.5,33.6,26.5,56.3,7.45,1763.8,Lentil
75.0,59.4,32.9,21.0,75.5,6.2,1892.6,Lentil
53.3,46.5,47.7,24.5,60.2,6.23,1765.5,Lentil
59.7,54.8,46.9,25.6,78.5,5.92,1353.2,Lentil
93.4,43.0,59.0,22.5,55.7,6.28,1927.6,Lentil
66.0,56.0,56.4,21.5,53.3,6.95,967.3,Lentil
89.1,43.3,44.6,25.8,65.3,6.39,1064.3,Pomegranate
68.4,45.8,54.3,21.6,71.0,6.84,904.2,Pomegranate
63.9,58.0,51.7,23.8,75.9,5.56,1427.2,Pomegranate
75.5,46.4,40.8,18.8,57.7,7.4,1113.0,Pomegranate
73.3,31.6,31.1,25.2,71.5,6.52,864.7,Pomegranate
87.2,35.0,35.7,22.6,61.5,5.99,1467.9,Pomegranate
82.5,54.7,42.5,18.7,60.9,7.46,1394.4,Pomegranate
85.5,30.2,45.5,18.4,72.8,7.34,1952.6,Pomegranate
77.0,43.7,58.4,24.7,52.6,6.43,860.4,Pomegranate
73.5,43.7,47.5,21.6,56.6,6.51,1745.3,Pomegranate
83.2,40.2,58.1,27.1,58.4,5.58,1612.0,Pomegranate
91.4,59.0,56.7,24.0,71.2,5.56,870.0,Pomegranate
73.0,48.9,46.7,25.4,61.2,6.63,632.2,Pomegranate
70.7,52.5,50.8,27.9,61.1,6.5,994.3,Pomegranate
72.0,55.7,50.5,26.8,58.1,7.25,589.6,Pomegranate
94.4,39.9,39.4,23.1,87.6,5.6,1028.3,Pomegranate
92.8,41.9,36.0,22.2,65.4,7.33,1642.9,Pomegranate
75.3,59.7,44.0,18.6,60.5,6.37,735.4,Pomegranate
97.4,53.0,38.0,23.9,78.9,7.38,1822.5,Pomegranate
75.8,53.2,46.9,23.5,54.6,5.75,1294.3,Pomegranate
63.4,30.6,51.7,18.3,73.8,6.58,1953.2,Pomegranate
74.2,31.9,46.6,26.4,89.9,6.36,980.4,Pomegranate
95.3,35.7,48.5,22.1,51.6,6.19,897.8,Pomegranate
84.3,58.5,38.0,26.1,52.2,6.58,605.8,Pomegranate
96.7,53.0,49.7,26.2,75.9,7.44,1570.9,Pomegranate
96.2,45.5,33.5,23.3,55.1,6.68,1223.7,Pomegranate
81.1,30.3,35.8,22.9,88.0,6.27,1136.6,Pomegranate
85.7,48.1,39.0,22.1,58.7,7.43,696.0,Pomegranate
68.6,30.8,36.7,25.8,58.0,5.66,1211.7,Pomegranate
50.5,32.5,54.2,25.7,86.6,7.21,1524.8,Pomegranate
52.6,53.5,55.4,26.0,70.3,5.97,1768.0,Pomegranate
86.4,59.4,34.7,20.3,58.5,7.09,780.4,Pomegranate
53.3,60.0,30.7,26.4,64.6,7.18,1331.9,Pomegranate
95.1,57.8,30.3,18.8,60.0,6.84,1832.4,Pomegranate
73.0,48.2,35.7,26.0,88.7,6.04,1242.2,Pomegranate
54.3,46.8,45.1,19.4,67.7,6.17,1282.7,Pomegranate
79.3,30.3,52.8,25.1,64.7,5.61,1632.4,Pomegranate
97.8,37.2,39.7,19.8,73.1,5.81,1034.3,Pomegranate
84.9,46.8,41.6,22.2,72.5,5.51,617.8,Pomegranate
94.1,32.3,51.2,27.2,60.8,6.24,1353.4,Pomegranate
94.1,58.3,52.2,18.9,76.8,6.32,1206.1,Pomegranate
52.5,35.7,53.7,22.5,62.1,6.27,1781.6,Pomegranate
87.4,38.2,33.5,20.5,86.8,6.66,1300.2,Pomegranate
79.8,41.0,54.2,23.2,54.7,5.76,1305.3,Pomegranate
96.8,39.3,56.1,25.6,59.9,5.57,652.8,Pomegranate
86.4,36.0,41.1,23.0,79.0,5.73,1109.5,Pomegranate
74.3,46.2,54.6,19.7,82.3,6.89,1333.8,Pomegranate
85.0,42.4,34.2,24.7,71.0,6.78,1007.0,Pomegranate
95.3,47.6,32.6,22.5,80.3,7.09,1241.9,Pomegranate
94.7,38.0,42.3,27.0,85.9,6.87,1788.5,Pomegranate
54.4,55.9,39.6,19.8,59.6,6.34,876.8,Pomegranate
66.0,34.0,38.9,23.7,67.7,6.19,1619.7,Pomegranate
94.7,52.7,40.0,25.4,56.1,5.76,1018.4,Pomegranate
90.4,37.4,31.9,19.3,84.3,6.77,879.8,Pomegranate
77.8,45.8,49.7,20.3,84.6,6.12,1541.2,Pomegranate
50.8,41.2,40.6,23.4,52.9,7.08,826.7,Pomegranate
83.9,54.1,46.9,25.4,76.5,6.21,1713.3,Pomegranate
64.7,47.1,52.4,21.8,62.1,6.42,1726.9,Pomegranate
96.5,46.4,49.8,27.0,53.9,5.96,1563.4,Pomegranate
91.2,55.7,42.5,18.9,67.5,5.96,936.8,Pomegranate
88.6,32.3,54.8,22.3,73.8,5.68,1006.0,Pomegranate
54.5,58.8,54.2,22.6,58.9,7.37,1016.9,Pomegranate
58.0,46.9,58.3,18.0,59.5,7.38,756.6,Pomegranate
55.7,47.1,55.9,22.8,89.8,6.86,611.1,Pomegranate
99.6,42.2,38.6,23.6,62.2,5.67,502.1,Pomegranate
72.5,55.1,47.2,28.0,61.5,6.06,739.6,Pomegranate
58.2,38.6,53.8,27.1,89.0,5.96,1821.9,Pomegranate
66.4,33.4,56.1,24.4,56.6,6.36,930.9,Pomegranate
86.8,43.6,59.7,18.5,64.2,6.46,1254.7,Pomegranate
65.8,51.9,56.2,27.4,82.2,7.2,1325.8,Pomegranate
91.3,39.1,42.0,21.2,68.7,6.07,1942.4,Pomegranate
65.6,32.9,45.8,18.6,54.4,5.94,1196.5,Pomegranate
71.7,54.0,52.2,22.3,63.3,6.13,1661.0,Pomegranate
52.6,30.4,53.9,22.8,55.2,5.97,1898.8,Pomegranate
93.0,51.3,44.5,23.2,89.0,7.43,822.9,Pomegranate
90.6,35.9,36.4,24.8,66.2,7.36,633.5,Pomegranate
75.6,57.6,57.1,19.6,64.7,6.74,739.1,Pomegranate
98.4,57.4,35.0,19.2,53.4,7.32,790.4,Pomegranate
70.8,43.5,48.0,18.7,59.1,7.36,1862.6,Pomegranate
89.1,30.6,39.8,24.3,61.0,7.32,1450.8,Pomegranate
53.6,57.3,58.7,18.8,71.3,6.11,1089.3,Pomegranate
59.0,47.3,58.7,23.0,53.3,6.74,1010.3,Pomegranate
92.8,43.0,35.8,19.9,80.8,6.03,1650.9,Pomegranate
60.3,39.7,44.0,27.4,87.3,5.91,1037.3,Pomegranate
57.5,45.3,43.8,27.0,87.2,6.27,1237.6,Pomegranate
94.8,54.2,30.1,21.2,66.9,5.96,799.4,Pomegranate
51.9,49.3,37.9,18.5,59.2,7.1,1777.2,Pomegranate
74.2,42.5,59.3,20.0,58.6,6.08,759.1,Pomegranate
69.0,57.3,48.5,22.1,87.4,5.6,815.4,Pomegranate
78.3,48.5,31.2,22.0,76.0,6.9,1457.2,Pomegranate
66.0,32.8,42.8,19.3,87.9,6.45,975.9,Pomegranate
88.3,44.9,39.3,26.1,84.7,6.85,570.4,Pomegranate
78.3,52.9,34.1,20.3,85.3,5.54,1629.1,Pomegranate
73.7,43.4,30.2,26.2,64.4,6.58,1516.0,Pomegranate
85.1,58.7,45.9,22.0,88.1,6.78,947.2,Pomegranate
56.3,55.3,40.9,24.6,68.8,5.9,1402.5,Pomegranate
53.0,42.4,46.4,22.4,79.9,7.16,1656.9,Pomegranate
51.9,35.8,46.1,27.3,83.4,7.19,954.8,Pomegranate
71.5,44.1,34.7,18.3,87.9,5.98,859.9,Pomegranate
54.2,57.9,47.4,24.7,86.5,6.19,1432.3,Pomegranate
51.9,35.6,54.9,25.7,64.0,6.25,1300.3,Banana
50.0,37.2,36.2,20.5,82.2,6.06,787.3,Banana
75.2,56.0,37.2,18.8,64.3,7.0,1326.0,Banana
90.8,58.8,53.8,24.0,69.7,5.58,1976.5,Banana
69.2,34.6,50.0,20.8,73.4,6.67,1168.6,Banana
91.8,37.9,43.5,23.4,76.5,7.07,1092.2,Banana
82.3,34.5,58.0,21.8,79.2,5.54,807.8,Banana
74.4,56.3,45.8,27.3,69.4,6.48,679.6,Banana
90.1,37.4,57.0,27.1,87.7,6.54,1515.6,Banana
88.9,33.9,48.0,18.3,69.9,5.81,774.4,Banana
68.3,43.0,48.7,18.7,70.1,5.87,1361.0,Banana
81.9,46.7,52.1,21.4,80.6,6.37,1226.3,Banana
82.4,30.6,49.6,24.2,62.4,5.67,636.4,Banana
96.2,50.7,33.8,21.6,73.7,7.17,565.5,Banana
61.8,56.7,30.3,20.0,88.4,6.73,892.5,Banana
53.3,30.8,37.3,26.8,66.6,6.94,1877.4,Banana
70.4,35.7,45.5,27.1,82.2,5.63,1538.9,Banana
78.6,57.2,33.7,23.3,85.2,6.32,1223.0,Banana
53.5,38.3,39.7,27.5,61.3,6.42,1507.0,Banana
58.1,44.6,52.2,26.7,75.1,6.84,689.4,Banana
97.3,34.0,53.2,20.6,87.3,6.94,1630.7,Banana
61.0,43.3,48.5,25.7,54.2,7.42,1835.3,Banana
63.5,54.7,45.5,22.6,62.6,6.66,1594.8,Banana
70.5,48.9,51.0,25.1,52.1,7.22,1187.4,Banana
63.1,37.3,44.5,26.9,65.1,7.0,645.2,Banana
73.8,59.8,53.1,20.1,70.1,5.97,1114.3,Banana
89.0,53.1,36.8,27.2,73.7,6.26,1252.9,Banana
80.3,46.8,44.6,23.0,57.1,7.13,1312.6,Banana
56.6,53.0,58.0,27.5,64.8,5.77,1277.6,Banana
55.6,58.0,35.5,20.5,66.3,6.27,1692.0,Banana
72.8,35.1,38.0,23.1,55.9,6.72,1348.6,Banana
85.7,58.1,57.4,27.5,59.8,5.76,953.4,Banana
94.8,59.2,55.8,19.1,87.9,6.35,514.0,Banana
72.1,31.4,46.3,21.4,68.9,6.73,1803.2,Banana
83.1,43.0,54.6,27.1,54.8,6.56,926.8,Banana
52.4,50.1,55.9,19.6,82.5,7.21,1871.5,Banana
63.3,57.1,39.6,23.5,52.0,5.59,1580.6,Banana
72.2,37.7,35.7,24.7,50.0,7.11,618.9,Banana
59.6,41.6,44.5,21.5,62.8,7.43,1462.4,Banana
51.2,42.9,56.3,21.0,53.8,7.02,1409.0,Banana
78.5,31.6,34.2,24.2,58.3,6.51,1317.3,Banana
64.2,58.5,55.3,25.2,53.1,5.71,1239.2,Banana
58.0,59.3,34.8,22.9,64.6,6.78,693.6,Banana
71.5,38.2,56.6,18.4,86.5,7.17,946.4,Banana
89.5,30.9,59.0,23.3,62.1,6.23,599.6,Banana
99.5,31.2,49.6,22.4,88.0,5.99,1298.1,Banana
74.1,51.1,32.0,19.9,58.6,6.98,783.7,Banana
78.7,36.5,55.8,27.4,70.7,6.2,851.1,Banana
52.5,38.1,49.6,23.3,87.8,6.29,1540.8,Banana
74.5,45.4,38.0,22.5,68.8,6.91,1911.0,Banana
66.5,31.3,44.9,23.4,56.7,7.02,1977.4,Banana
97.3,35.9,56.3,25.0,68.2,6.58,1774.4,Banana
74.0,41.2,44.8,23.8,57.6,7.3,1511.3,Banana
81.7,33.0,48.1,19.2,53.1,6.55,1104.2,Banana
79.4,32.7,42.9,19.7,89.5,6.62,1531.2,Banana
66.3,32.8,59.3,20.9,67.0,6.8,537.0,Banana
90.5,46.1,38.3,18.6,56.5,7.29,1529.0,Banana
62.5,32.0,50.7,23.7,66.2,6.23,825.2,Banana
83.5,59.1,35.3,24.0,67.0,6.39,881.2,Banana
91.3,44.6,46.3,21.0,57.3,5.67,1571.2,Banana
59.8,50.7,41.7,22.2,68.8,6.24,650.9,Banana
65.5,49.9,50.0,20.9,68.4,5.89,815.6,Banana
51.2,56.9,36.3,20.3,61.2,5.75,1458.9,Banana
53.8,34.0,49.3,21.4,78.3,6.61,884.0,Banana
82.5,33.5,46.1,22.4,60.7,6.71,1807.0,Banana
99.9,48.2,42.1,20.3,60.3,6.46,1050.9,Banana
95.7,41.0,41.2,21.8,83.5,6.8,1421.3,Banana
66.7,54.5,31.2,26.7,70.5,6.3,1245.8,Banana
83.4,30.4,56.1,22.5,63.7,5.78,1159.2,Banana
74.8,42.1,50.4,22.2,88.5,6.7,1711.2,Banana
55.5,41.9,40.1,23.7,84.4,5.66,608.9,Banana
92.5,36.4,50.1,23.4,83.3,5.75,694.7,Banana
77.8,58.4,42.4,21.3,74.3,7.36,1755.4,Banana
99.8,30.7,33.4,24.1,82.8,6.07,858.8,Banana
89.3,31.7,41.1,23.1,72.4,6.96,1032.3,Banana
80.6,47.6,46.4,24.4,60.4,5.67,678.9,Banana
61.2,45.0,55.2,25.0,81.6,6.2,1107.0,Banana
69.7,35.8,31.8,23.9,89.6,5.83,570.0,Banana
89.0,37.6,54.9,25.0,87.8,6.32,1493.0,Banana
73.2,48.9,43.5,19.9,70.3,6.56,1715.9,Banana
86.8,49.9,33.4,25.2,70.0,7.29,1879.8,Banana
52.8,54.6,31.1,21.7,71.7,5.8,1619.5,Banana
50.4,35.1,47.4,25.1,86.7,6.91,1507.7,Banana
69.7,30.0,33.6,23.3,77.0,6.33,1596.0,Banana
76.1,32.2,35.8,26.4,79.0,7.29,676.3,Banana
99.5,36.3,30.4,28.0,61.2,6.84,765.0,Banana
79.0,57.1,39.6,24.7,57.5,6.75,1004.7,Banana
60.6,39.4,35.4,27.0,65.9,5.99,1172.6,Banana
66.0,52.3,59.1,22.4,84.4,6.63,735.9,Banana
84.5,45.4,49.5,26.9,67.6,7.3,1626.0,Banana
74.4,48.1,39.8,27.8,76.7,5.59,989.9,Banana
81.2,31.7,30.7,22.5,63.3,6.38,894.0,Banana
58.2,50.7,45.4,20.0,62.8,6.68,608.3,Banana
57.4,32.2,54.4,25.5,80.1,6.93,1504.1,Banana
73.8,49.3,31.2,24.2,81.1,6.5,1036.3,Banana
63.9,49.3,50.8,26.7,63.7,7.04,1342.0,Banana
94.1,45.8,45.5,23.8,80.0,7.43,610.3,Banana
52.7,58.1,45.9,24.1,69.3,5.69,1652.1,Banana
87.4,39.4,39.2,26.4,52.9,7.26,885.0,Banana
79.6,58.1,50.3,22.1,77.6,6.19,915.9,Banana
99.8,52.5,49.3,21.6,52.0,5.56,1331.3,Mango
88.1,46.1,55.2,18.3,64.7,5.97,1170.9,Mango
53.6,58.6,36.7,27.2,67.0,7.47,1331.1,Mango
96.5,30.2,52.4,27.0,55.6,5.69,1136.9,Mango
96.7,46.3,45.8,19.4,50.0,7.12,631.4,Mango
81.7,57.4,36.3,24.7,53.1,6.71,745.9,Mango
86.8,39.0,43.9,24.0,56.9,6.98,954.0,Mango
83.1,34.7,50.6,19.3,67.0,5.99,1622.6,Mango
63.1,56.5,56.8,20.0,74.6,5.68,1087.3,Mango
85.7,49.8,48.7,20.8,65.1,5.71,1578.5,Mango
75.2,51.3,37.5,21.2,63.4,5.55,1011.6,Mango
90.2,56.9,45.5,22.6,51.2,7.26,519.5,Mango
97.2,44.7,40.3,27.2,51.0,6.66,1323.4,Mango
61.0,42.9,49.6,25.3,50.0,7.37,746.8,Mango
61.7,37.9,31.1,19.2,89.5,6.13,673.0,Mango
55.3,51.6,55.6,20.6,50.8,5.95,584.8,Mango
55.2,42.9,36.9,23.2,60.1,7.38,1858.9,Mango
78.3,40.6,41.4,22.1,79.1,6.4,1785.1,Mango
97.2,40.1,46.8,19.0,58.0,6.33,809.3,Mango
93.8,34.7,43.7,24.1,77.7,6.27,1803.6,Mango
78.4,43.2,32.0,22.6,82.8,6.73,1748.2,Mango
74.7,33.6,30.4,21.0,77.9,7.08,943.6,Mango
74.8,42.6,42.3,20.3,55.5,5.89,583.0,Mango
59.9,30.3,48.8,21.2,88.9,5.89,1018.7,Mango
67.9,30.3,55.2,18.3,87.6,7.28,1303.3,Mango
77.2,49.6,41.6,24.5,51.8,5.61,1185.8,Mango
77.5,56.6,33.1,26.2,58.4,6.29,974.9,Mango
70.0,34.5,45.1,26.0,67.7,6.48,1773.2,Mango
85.3,44.7,37.7,26.8,73.1,5.94,903.7,Mango
90.2,31.3,59.8,19.3,81.8,6.29,1238.3,Mango
94.0,42.4,46.1,18.5,50.1,5.99,1520.9,Mango
56.1,33.4,42.3,24.5,78.5,5.86,619.4,Mango
97.0,37.8,55.6,26.6,80.9,5.84,1732.7,Mango
88.5,47.9,40.1,20.6,54.9,6.52,1377.9,Mango
68.0,44.3,40.9,24.4,86.1,5.83,1072.1,Mango
57.0,48.7,51.9,27.3,61.2,7.4,594.9,Mango
80.2,31.7,56.8,23.3,76.8,7.16,725.5,Mango
51.9,56.4,39.4,19.3,68.7,6.7,546.5,Mango
63.7,31.0,42.6,27.0,89.3,6.77,742.5,Mango
95.3,45.5,34.6,27.2,80.3,6.96,1563.8,Mango
60.0,36.3,50.6,20.2,67.5,7.06,1675.9,Mango
72.7,53.8,55.2,24.5,59.1,6.05,972.3,Mango
55.8,38.2,36.3,22.6,86.3,5.71,1580.4,Mango
84.4,32.9,57.7,23.7,64.5,7.01,886.0,Mango
84.7,31.2,55.2,22.5,75.5,5.94,1515.6,Mango
88.6,44.2,48.5,22.6,85.8,6.5,1762.7,Mango
90.1,42.3,36.9,22.1,83.0,5.96,1286.7,Mango
90.3,40.6,49.3,20.5,54.4,7.09,648.5,Mango
63.6,55.7,40.4,27.7,89.2,6.04,561.5,Mango
85.3,43.5,33.0,25.1,51.2,7.24,708.0,Mango
56.4,35.3,58.8,24.9,82.1,6.3,1004.5,Mango
61.7,44.4,46.6,24.3,60.3,7.4,754.6,Mango
98.3,30.4,44.4,21.3,68.0,6.64,1153.4,Mango
70.7,52.0,50.6,26.3,60.0,6.72,1377.8,Mango
68.5,44.6,39.4,19.4,58.6,5.71,1524.6,Mango
83.0,58.5,51.9,18.5,85.4,7.23,1165.0,Mango
79.3,59.3,46.0,27.1,53.3,5.88,1161.1,Mango
79.2,54.5,59.6,21.9,51.9,7.1,1406.6,Mango
59.9,44.8,52.3,25.7,70.0,6.11,1960.6,Mango
83.2,42.2,38.4,25.3,59.7,5.84,1294.8,Mango
64.5,48.9,33.5,24.5,61.3,5.5,690.4,Mango
96.7,56.0,37.0,25.8,74.3,7.44,1060.4,Mango
84.1,31.9,41.9,27.6,71.6,6.08,680.4,Mango
85.2,49.3,41.2,27.5,50.9,6.11,1881.6,Mango
66.0,37.6,46.0,26.2,54.1,7.39,1692.6,Mango
59.1,51.4,41.5,22.0,81.3,7.43,690.0,Mango
71.0,44.4,41.3,21.6,52.1,6.87,1154.3,Mango
59.7,54.5,54.1,22.9,61.9,6.78,932.2,Mango
61.8,51.9,31.2,18.9,50.3,5.81,603.5,Mango
99.8,38.7,34.5,20.4,87.4,6.54,1047.2,Mango
93.7,41.8,40.1,20.1,65.1,6.13,1516.0,Mango
64.5,47.3,32.0,19.9,66.3,7.37,1065.9,Mango
83.2,37.7,33.8,18.6,62.2,5.82,761.0,Mango
88.0,30.5,46.7,21.8,70.3,6.63,970.1,Mango
64.8,52.0,56.1,19.9,53.9,7.3,1024.8,Mango
77.6,40.8,33.8,23.9,71.0,5.91,1177.8,Mango
89.8,47.7,32.9,23.5,78.1,7.09,1443.7,Mango
57.6,51.3,50.3,18.2,66.5,6.17,1504.1,Mango
60.8,47.7,57.4,26.0,86.9,7.46,516.0,Mango
81.1,42.4,55.8,20.5,89.2,6.73,1690.3,Mango
54.3,35.5,52.8,18.2,82.7,5.53,1485.7,Mango
68.3,48.3,50.9,21.4,54.3,5.64,1383.4,Mango
76.0,52.3,45.3,22.2,65.9,5.55,1003.3,Mango
98.8,56.2,39.9,23.9,83.9,6.38,526.9,Mango
53.7,45.3,59.1,24.9,52.8,5.88,1657.0,Mango
92.1,48.5,49.3,18.3,83.1,7.08,888.6,Mango
85.4,36.4,31.2,20.0,57.1,6.18,1127.7,Mango
75.4,44.3,38.1,18.3,74.2,6.29,948.0,Mango
93.3,52.4,55.7,22.9,55.2,6.89,809.1,Mango
72.1,32.0,54.8,19.3,86.1,7.23,1196.9,Mango
87.2,48.6,54.1,22.3,81.4,6.42,1911.4,Mango
74.3,43.9,53.6,26.2,72.2,5.86,1201.6,Mango
98.4,52.6,54.3,18.3,68.7,6.79,1745.0,Mango
52.5,55.6,46.5,20.0,62.7,6.06,1296.3,Mango
52.6,34.8,54.4,19.3,59.3,6.41,1275.7,Mango
88.2,43.4,53.7,24.2,54.5,5.81,1155.6,Mango
69.8,52.3,47.4,21.9,56.8,5.95,1363.3,Mango
71.2,45.4,35.1,24.6,84.1,6.02,1237.3,Mango
98.8,40.0,47.9,18.9,74.2,5.68,1938.9,Mango
85.8,53.6,51.1,23.9,68.0,7.22,1935.3,Mango
75.0,57.9,47.5,23.4,68.2,5.92,505.6,Grapes
62.1,45.3,41.4,22.5,89.2,6.2,1178.3,Grapes
56.7,31.4,53.3,23.7,80.4,5.8,1357.7,Grapes
62.7,36.8,30.3,19.3,62.4,5.73,1978.8,Grapes
65.4,33.9,36.0,23.9,52.6,7.22,1942.2,Grapes
62.3,43.5,30.7,24.4,66.6,6.04,810.3,Grapes
82.7,42.5,35.4,24.9,72.6,7.22,676.2,Grapes
89.3,50.2,33.5,24.9,67.7,7.39,712.4,Grapes
82.1,41.5,58.7,21.3,88.5,7.3,905.6,Grapes
90.2,59.9,37.6,22.4,70.8,6.09,522.9,Grapes
61.0,38.5,43.3,19.7,84.9,6.91,627.8,Grapes
82.5,49.6,58.7,18.0,59.9,7.36,1898.2,Grapes
86.0,53.0,32.7,23.1,59.3,5.86,1715.5,Grapes
56.8,44.1,58.2,19.9,89.1,7.49,1333.4,Grapes
58.5,39.5,42.7,21.1,61.2,7.44,730.0,Grapes
86.7,30.0,47.9,27.2,61.5,5.87,1477.5,Grapes
85.6,50.6,39.6,20.5,88.2,7.35,1186.0,Grapes
92.3,43.6,42.7,19.6,67.1,6.57,533.8,Grapes
72.2,53.4,50.4,24.4,86.4,5.54,1335.6,Grapes
89.4,46.2,39.7,19.4,85.5,6.44,1817.2,Grapes
79.3,50.2,54.1,24.6,65.9,6.53,1704.6,Grapes
68.7,41.6,32.9,27.1,53.6,6.8,1119.8,Grapes
70.3,50.4,32.0,23.9,80.9,7.16,755.8,Grapes
94.9,49.7,56.5,22.9,71.7,7.34,1849.9,Grapes
72.4,38.2,41.8,21.9,61.5,6.04,1791.6,Grapes
53.5,50.3,35.2,21.4,52.5,6.04,1652.6,Grapes
94.3,36.6,43.9,22.7,84.9,7.03,1269.6,Grapes
83.5,55.4,30.3,22.0,86.3,6.98,1314.3,Grapes
76.5,40.4,45.6,24.6,66.7,6.93,1791.8,Grapes
57.7,43.5,42.2,24.9,60.0,6.78,1816.2,Grapes
70.9,57.3,59.8,19.1,59.3,7.4,1937.5,Grapes
54.9,30.4,34.8,28.0,57.2,6.51,1772.6,Grapes
51.0,48.1,38.3,26.6,61.3,6.87,1511.3,Grapes
61.1,31.0,42.3,20.9,82.4,7.1,1185.5,Grapes
80.3,48.1,54.8,22.3,61.0,6.03,1304.3,Grapes
72.5,43.2,32.7,25.2,58.5,5.89,1119.1,Grapes
61.4,47.5,41.1,22.5,71.5,5.91,733.6,Grapes
94.0,43.0,42.4,18.4,69.9,6.61,1338.3,Grapes
85.4,35.3,37.6,26.1,87.9,5.77,1246.5,Grapes
60.7,31.8,39.8,19.4,78.4,6.57,715.8,Grapes
50.5,54.2,35.3,24.1,63.5,6.67,973.5,Grapes
54.3,36.7,35.6,22.3,76.3,6.03,518.1,Grapes
75.9,48.2,58.9,23.9,68.8,6.65,1891.9,Grapes
91.4,39.7,37.1,20.6,70.2,6.99,1254.8,Grapes
53.4,51.7,54.2,20.9,76.6,6.35,1833.7,Grapes
92.3,45.8,50.7,26.8,69.8,6.13,1630.5,Grapes
61.0,41.7,56.0,25.2,66.2,5.93,1034.0,Grapes
64.2,35.3,52.3,20.5,68.2,6.27,1973.1,Grapes
69.6,32.4,32.7,23.9,74.0,6.34,1147.8,Grapes
52.7,45.5,45.1,19.5,54.2,5.75,651.5,Grapes
80.5,35.9,37.5,19.7,88.3,7.21,845.7,Grapes
66.4,36.3,44.8,18.2,76.9,6.55,1848.0,Grapes
58.2,54.1,53.8,19.3,65.9,5.84,882.1,Grapes
63.2,46.7,42.3,27.5,55.1,7.45,846.0,Grapes
88.6,40.2,34.3,26.6,62.4,6.82,1349.7,Grapes
73.6,44.9,52.0,18.9,76.7,7.29,586.7,Grapes
57.0,51.5,43.1,22.0,55.5,6.51,689.8,Grapes
73.8,52.9,37.7,22.8,89.7,6.87,1762.0,Grapes
70.7,53.0,31.2,19.2,58.1,6.3,1768.6,Grapes
67.3,49.6,51.3,23.9,64.3,6.65,1013.4,Grapes
54.2,59.8,33.8,18.7,85.1,6.1,1475.4,Grapes
66.5,41.7,37.9,21.4,66.4,6.94,1267.3,Grapes
97.2,31.3,45.1,23.8,86.8,5.6,1360.2,Grapes
92.7,37.3,56.3,18.2,79.3,7.37,1485.8,Grapes
72.0,31.3,57.6,22.7,51.2,6.88,1222.8,Grapes
56.2,36.4,31.9,23.7,74.9,6.51,1725.7,Grapes
93.1,48.5,30.4,25.0,66.7,6.63,1473.6,Grapes
67.5,57.5,34.0,24.7,50.2,7.35,668.8,Grapes
54.7,40.0,41.2,20.1,73.4,6.39,551.3,Grapes
66.0,54.3,50.7,25.2,77.9,6.12,649.5,Grapes
63.6,55.0,59.4,22.9,50.4,5.78,983.1,Grapes
78.9,32.3,58.3,21.7,86.5,7.06,1633.2,Grapes
80.3,48.8,49.1,24.3,72.1,7.47,1598.4,Grapes
88.8,56.2,36.5,18.8,69.3,6.53,1743.8,Grapes
72.2,47.1,45.8,18.4,74.6,7.16,736.3,Grapes
79.7,47.8,34.9,19.2,89.2,6.29,841.1,Grapes
58.6,50.0,48.3,24.4,53.5,7.29,1083.9,Grapes
65.7,43.9,41.7,26.6,87.2,6.11,1795.9,Grapes
89.1,57.9,37.4,23.8,61.0,7.15,508.0,Grapes
78.2,40.2,39.7,24.4,84.1,6.72,1779.8,Grapes
63.2,45.6,43.5,18.1,72.3,6.82,1387.9,Grapes
86.8,47.1,32.0,19.2,73.9,6.05,619.5,Grapes
71.5,46.6,39.9,25.2,75.8,6.17,1632.3,Grapes
82.4,49.1,46.6,18.1,77.9,6.25,1913.9,Grapes
90.9,47.6,37.6,20.0,63.6,6.45,944.1,Grapes
75.7,35.0,59.3,19.1,87.3,7.33,1288.0,Grapes
86.2,43.1,48.9,21.4,62.0,6.66,1247.2,Grapes
79.0,38.6,41.0,18.8,52.1,6.01,611.4,Grapes
55.2,54.4,31.2,24.6,60.9,7.24,1227.5,Grapes
65.3,45.5,41.5,23.6,54.6,7.49,1138.3,Grapes
67.4,51.3,40.9,26.3,68.2,6.94,661.2,Grapes
92.3,52.1,36.4,19.5,62.7,7.45,885.2,Grapes
72.8,30.9,41.9,23.7,88.1,6.53,1728.7,Grapes
77.4,31.2,39.5,23.8,88.0,7.22,842.5,Grapes
61.0,36.0,57.7,26.5,81.0,6.29,1256.6,Grapes
73.2,37.6,45.2,18.3,55.3,7.27,1627.5,Grapes
71.1,45.5,41.1,25.4,81.4,7.03,1583.9,Grapes
60.2,40.1,44.1,21.3,80.2,6.16,707.3,Grapes
70.0,59.4,36.8,24.1,67.3,5.64,1231.8,Grapes
85.1,45.4,56.2,20.9,53.4,7.37,1067.3,Grapes
78.8,53.8,39.7,25.2,55.4,6.08,717.1,Watermelon
90.6,36.7,51.5,27.4,71.1,6.58,1191.6,Watermelon
66.3,44.3,48.1,27.9,87.5,7.22,1833.7,Watermelon
73.4,49.7,56.9,21.9,88.5,6.33,1401.6,Watermelon
85.5,58.5,37.3,25.5,70.8,6.04,1664.9,Watermelon
77.6,49.8,39.7,22.8,74.7,6.31,797.6,Watermelon
98.1,45.3,52.0,22.1,64.2,6.31,1113.8,Watermelon
77.2,46.3,44.9,19.3,69.8,5.84,689.2,Watermelon
96.6,48.1,49.8,22.0,86.4,6.78,1653.8,Watermelon
68.4,58.8,54.6,26.5,56.9,6.04,928.4,Watermelon
63.5,55.7,31.0,18.8,61.0,5.9,847.8,Watermelon
89.9,46.9,30.2,22.3,66.3,5.73,1514.2,Watermelon
85.1,51.6,51.9,18.0,88.2,7.13,1856.0,Watermelon
50.8,58.0,54.3,26.4,53.7,6.98,1939.9,Watermelon
83.9,47.1,58.4,22.4,74.0,6.45,1899.3,Watermelon
53.8,45.0,50.6,25.9,73.3,7.32,1913.0,Watermelon
53.2,42.1,30.7,21.3,71.5,7.32,1769.8,Watermelon
56.4,32.8,47.7,23.3,60.7,7.3,1891.0,Watermelon
70.1,56.7,41.5,25.4,69.0,5.75,1891.9,Watermelon
72.7,52.0,41.0,18.2,54.0,6.49,1534.9,Watermelon
66.7,50.9,51.0,25.0,69.7,7.33,1233.8,Watermelon
72.5,36.0,39.2,18.4,75.3,6.0,956.2,Watermelon
88.5,39.8,37.3,19.7,81.0,5.76,1180.6,Watermelon
75.3,50.6,49.0,26.1,51.8,6.09,920.2,Watermelon
57.3,38.7,39.3,23.2,76.5,6.26,1579.2,Watermelon
66.8,38.7,46.2,18.2,53.2,6.34,1914.4,Watermelon
86.1,32.6,55.4,25.3,74.4,7.14,1106.2,Watermelon
61.1,45.4,46.5,23.4,72.6,7.4,1853.4,Watermelon
93.8,54.0,58.3,19.0,60.6,6.49,1769.8,Watermelon
75.3,52.4,34.2,20.5,79.3,5.83,1027.0,Watermelon
63.2,40.5,51.2,21.7,72.2,5.7,1707.5,Watermelon
68.5,49.5,51.8,20.1,85.4,6.73,1143.1,Watermelon
59.1,58.3,52.7,20.1,63.5,7.12,1543.5,Watermelon
88.3,43.2,51.5,21.9,58.5,6.77,1964.0,Watermelon
65.5,43.8,50.2,23.4,83.7,7.02,587.4,Watermelon
99.9,52.6,55.9,24.5,84.3,5.72,1021.6,Watermelon
93.8,36.0,32.3,25.9,83.4,5.83,1781.5,Watermelon
84.3,45.6,54.9,22.2,57.8,6.07,1257.7,Watermelon
76.6,54.2,53.7,23.8,81.2,5.88,575.1,Watermelon
93.7,32.3,37.4,25.0,66.4,7.25,947.0,Watermelon
50.6,39.0,47.3,21.8,71.4,7.25,1868.7,Watermelon
63.3,43.9,46.5,27.5,89.9,5.97,1590.5,Watermelon
68.9,30.2,30.3,22.6,69.5,5.55,1530.4,Watermelon
64.7,46.8,39.0,19.7,66.3,5.96,1302.2,Watermelon
59.9,45.3,34.7,24.7,80.2,5.72,1201.7,Watermelon
53.5,47.9,37.9,23.3,70.7,7.35,1323.6,Watermelon
79.1,42.0,58.5,25.8,61.4,7.19,1148.6,Watermelon
91.4,54.7,35.7,25.0,61.6,6.09,944.5,Watermelon
86.3,36.9,30.0,25.2,56.8,5.71,856.3,Watermelon
69.0,44.3,31.3,27.7,78.6,6.15,978.0,Watermelon
72.4,48.8,34.4,19.9,84.4,6.01,1070.3,Watermelon
93.6,49.9,40.3,24.8,50.8,6.97,1230.5,Watermelon
90.7,58.6,57.8,27.1,70.5,6.22,1197.6,Watermelon
84.5,56.5,36.2,27.2,82.6,7.46,1820.4,Watermelon
64.0,33.2,33.4,20.9,74.6,7.11,1848.9,Watermelon
81.2,30.2,35.6,19.0,64.5,6.5,565.1,Watermelon
67.4,35.4,49.4,22.6,69.8,6.36,1934.0,Watermelon
60.7,45.5,52.1,23.6,87.2,6.26,1195.5,Watermelon
54.4,48.3,38.6,19.6,71.8,6.56,613.8,Watermelon
84.9,48.7,35.7,22.7,78.8,6.56,1093.2,Watermelon
66.1,48.3,58.2,24.7,53.0,6.42,1836.2,Watermelon
54.7,59.7,58.5,18.8,87.3,6.23,1767.1,Watermelon
70.9,43.2,49.0,25.7,51.4,6.69,780.1,Watermelon
67.3,40.4,44.1,21.3,54.3,5.79,550.2,Watermelon
73.5,58.6,33.5,27.5,79.3,6.77,1467.9,Watermelon
91.3,33.2,45.1,25.0,73.5,7.17,608.4,Watermelon
84.5,46.0,41.4,21.4,74.8,7.28,1244.3,Watermelon
91.2,42.1,33.1,18.6,52.1,6.26,1005.9,Watermelon
85.9,52.3,31.5,20.2,61.0,6.6,716.8,Watermelon
56.7,58.3,54.1,19.8,66.3,6.21,1686.5,Watermelon
75.5,33.8,52.2,22.0,60.5,6.25,1246.6,Watermelon
67.2,37.3,42.0,18.2,80.9,5.84,565.9,Watermelon
82.7,53.2,54.4,22.9,58.2,6.97,1549.6,Watermelon
62.3,57.1,33.1,27.8,84.4,6.88,1908.1,Watermelon
86.1,35.7,43.3,18.7,65.6,6.98,1079.7,Watermelon
66.5,47.9,56.2,18.5,65.4,5.82,1543.0,Watermelon
55.3,49.9,38.6,20.0,87.5,5.54,1156.7,Watermelon
51.1,44.5,45.0,21.2,55.3,6.25,1508.4,Watermelon
89.1,45.9,47.7,20.0,61.5,5.82,873.9,Watermelon
61.2,45.6,46.9,27.4,57.8,6.78,1725.9,Watermelon
78.0,37.7,37.9,18.4,62.2,6.99,571.3,Watermelon
61.0,51.2,53.5,22.6,77.9,6.28,739.9,Watermelon
69.9,47.4,58.4,18.7,70.3,6.16,1262.5,Watermelon
51.2,39.4,54.6,23.5,68.0,6.07,947.1,Watermelon
69.2,55.1,59.0,22.4,65.7,7.19,1140.4,Watermelon
77.6,36.9,52.3,23.3,82.4,7.06,822.5,Watermelon
85.8,54.0,40.4,19.7,50.1,6.4,1028.6,Watermelon
77.7,35.6,55.8,20.6,59.1,6.46,1248.3,Watermelon
60.8,38.2,35.1,25.2,80.8,6.42,1571.1,Watermelon
86.8,34.1,59.0,26.2,58.2,5.87,688.5,Watermelon
56.9,52.4,44.1,25.8,79.9,6.71,1529.5,Watermelon
50.9,39.4,49.1,18.1,51.3,7.2,1526.0,Watermelon
63.3,50.6,53.8,21.1,51.4,7.37,1017.8,Watermelon
55.3,44.8,53.1,20.2,60.8,5.99,1987.5,Watermelon
59.9,47.3,57.8,19.5,88.8,7.39,1826.9,Watermelon
60.7,49.0,52.8,27.9,57.2,7.03,1008.2,Watermelon
58.8,42.6,53.8,22.6,71.5,7.49,1098.7,Watermelon
80.8,41.0,41.8,25.0,87.5,6.58,1652.6,Watermelon
54.5,36.3,45.1,18.2,60.1,6.53,522.4,Watermelon
63.2,45.4,47.2,27.3,75.8,6.33,1895.5,Watermelon
89.2,36.0,33.9,24.8,72.4,7.08,1608.2,Muskmelon
81.3,59.6,46.0,19.1,83.1,6.0,1666.0,Muskmelon
97.9,50.9,47.9,22.6,64.6,6.21,1454.6,Muskmelon
87.6,50.4,36.0,22.9,81.7,6.45,1304.9,Muskmelon
88.6,49.8,42.3,27.0,56.5,7.49,678.3,Muskmelon
50.7,56.7,37.3,25.3,82.4,7.22,1987.4,Muskmelon
64.7,51.3,33.5,22.1,83.9,6.24,1386.6,Muskmelon
75.2,49.4,59.2,18.6,73.0,7.23,1222.1,Muskmelon
53.9,46.8,40.0,19.5,84.0,6.54,1899.9,Muskmelon
90.3,50.8,30.2,22.3,57.9,7.32,761.9,Muskmelon
64.3,45.5,37.9,20.1,74.0,5.68,587.3,Muskmelon
68.6,51.6,46.6,22.2,72.6,6.23,1904.2,Muskmelon
52.7,50.2,56.7,26.0,57.4,6.09,1575.6,Muskmelon
54.2,54.4,51.6,25.3,54.0,6.94,1519.7,Muskmelon
91.5,31.2,30.7,21.7,56.0,6.62,1876.0,Muskmelon
69.6,55.3,30.0,19.7,51.2,6.16,1862.3,Muskmelon
54.8,48.2,43.5,27.4,54.9,5.92,544.3,Muskmelon
71.7,38.3,56.1,24.0,74.6,6.56,637.8,Muskmelon
72.3,60.0,55.1,26.9,82.9,5.71,841.2,Muskmelon
50.2,39.1,33.3,22.7,77.1,7.25,1623.8,Muskmelon
96.9,31.6,30.4,24.6,61.6,6.01,996.3,Muskmelon
63.5,45.3,43.2,23.1,76.9,6.27,877.0,Muskmelon
58.3,40.5,52.3,25.6,76.7,5.97,1382.1,Muskmelon
78.5,44.5,46.5,22.9,72.6,6.93,664.4,Muskmelon
87.5,34.1,32.0,27.8,88.3,5.62,1164.9,Muskmelon
59.3,44.6,54.9,27.5,75.4,6.21,1405.0,Muskmelon
65.6,57.3,56.1,23.6,63.0,6.09,550.1,Muskmelon
90.8,43.5,39.8,22.7,82.7,5.75,1786.5,Muskmelon
94.9,58.4,41.9,20.2,64.9,6.17,764.2,Muskmelon
80.4,44.3,56.0,18.3,75.8,7.03,1639.2,Muskmelon
94.3,51.9,57.8,21.3,70.1,5.53,510.4,Muskmelon
62.0,33.0,37.8,19.8,51.1,7.32,512.3,Muskmelon
86.8,34.6,57.4,26.9,76.2,6.84,508.0,Muskmelon
99.2,56.3,56.9,24.6,63.8,7.29,937.3,Muskmelon
78.1,33.0,57.7,19.4,59.0,6.62,1646.1,Muskmelon
81.0,37.0,30.0,25.6,89.4,7.12,1190.3,Muskmelon
95.2,42.3,45.7,22.8,67.9,7.05,1290.2,Muskmelon
65.8,37.7,31.1,23.8,59.2,5.8,1480.7,Muskmelon
84.1,52.6,45.1,26.9,87.5,7.11,1453.4,Muskmelon
65.2,59.5,38.2,20.0,67.7,5.61,1967.7,Muskmelon
79.4,46.7,49.7,23.0,51.3,6.72,1574.3,Muskmelon
70.8,52.7,36.8,20.2,56.5,6.24,1770.5,Muskmelon
91.4,41.5,47.7,25.2,59.6,5.84,1958.1,Muskmelon
80.9,59.4,40.1,25.0,58.9,6.02,1267.9,Muskmelon
66.0,35.0,37.9,18.4,78.2,6.48,641.4,Muskmelon
58.6,33.1,48.4,18.9,80.2,5.54,874.1,Muskmelon
94.5,51.6,32.2,26.2,69.7,7.19,1401.1,Muskmelon
84.1,59.8,37.0,24.2,68.4,5.58,521.7,Muskmelon
56.0,49.5,47.0,23.5,51.3,6.44,1886.9,Muskmelon
69.9,48.7,53.4,25.8,70.8,7.22,1087.1,Muskmelon
94.4,37.2,38.4,18.5,81.8,6.33,843.7,Muskmelon
61.6,57.0,55.0,23.5,74.6,6.45,1087.5,Muskmelon
95.8,33.8,42.6,21.4,69.9,6.42,1278.3,Muskmelon
57.0,45.4,37.3,19.8,52.6,7.03,1141.2,Muskmelon
81.3,51.8,50.4,22.7,65.5,6.25,1460.1,Muskmelon
74.7,55.5,56.2,19.7,55.4,6.76,951.8,Muskmelon
50.9,56.7,36.8,27.3,78.7,7.03,802.2,Muskmelon
61.7,45.6,35.2,21.1,62.9,5.82,807.8,Muskmelon
89.4,35.0,30.9,24.3,89.0,6.16,678.0,Muskmelon
78.5,57.2,53.5,24.2,62.6,6.58,636.9,Muskmelon
83.9,51.8,59.0,20.6,50.7,6.59,1560.2,Muskmelon
89.5,35.8,37.9,23.1,63.2,7.22,1210.6,Muskmelon
90.0,47.4,53.2,21.3,83.3,6.05,1319.1,Muskmelon
60.7,44.3,39.5,20.7,88.7,5.82,1681.0,Muskmelon
99.2,30.6,51.0,20.5,51.6,6.31,1902.8,Muskmelon
50.6,47.6,45.0,26.7,53.4,6.86,1520.2,Muskmelon
83.5,58.3,54.7,18.4,68.8,6.3,965.2,Muskmelon
72.6,41.5,43.0,27.8,53.5,7.34,1220.4,Muskmelon
81.2,54.9,40.8,22.3,66.4,6.25,1888.3,Muskmelon
91.4,33.3,33.2,22.3,53.9,6.74,715.5,Muskmelon
76.1,30.2,39.5,24.8,69.4,7.46,1811.2,Muskmelon
68.0,31.4,55.4,27.1,82.8,5.76,1996.9,Muskmelon
62.9,51.7,57.2,20.4,86.3,6.12,1964.6,Muskmelon
64.1,58.6,31.6,25.1,71.3,6.46,835.2,Muskmelon
85.3,35.7,46.6,20.5,88.2,5.56,799.6,Muskmelon
62.1,42.4,37.0,22.9,84.9,6.92,1369.9,Muskmelon
54.5,50.8,35.0,25.9,60.0,6.33,1025.7,Muskmelon
92.9,33.8,47.0,19.4,78.2,7.31,1151.9,Muskmelon
74.4,57.8,45.6,22.9,73.1,6.88,660.3,Muskmelon
91.1,43.1,32.2,25.9,65.1,5.7,1450.7,Muskmelon
94.0,56.6,58.7,26.7,50.1,6.26,1727.8,Muskmelon
68.3,48.0,48.2,21.7,86.2,6.51,1197.2,Muskmelon
99.9,44.8,35.4,23.1,82.6,7.05,1682.9,Muskmelon
85.4,37.6,55.9,26.9,57.8,5.76,1963.4,Muskmelon
93.4,56.8,56.6,23.4,75.9,6.59,576.8,Muskmelon
87.3,45.2,49.4,23.0,69.7,5.84,918.1,Muskmelon
57.9,35.9,59.2,19.5,60.8,6.68,1415.3,Muskmelon
57.7,53.8,53.6,20.4,61.5,7.38,1738.5,Muskmelon
84.9,32.5,42.5,23.6,57.5,6.4,1401.5,Muskmelon
66.4,53.4,55.2,21.2,83.5,5.71,1756.6,Muskmelon
57.6,32.5,49.3,22.7,86.3,6.23,930.7,Muskmelon
75.0,43.7,40.3,24.9,80.4,7.21,1959.3,Muskmelon
63.3,51.5,41.8,24.8,69.0,7.49,1593.4,Muskmelon
97.6,55.0,57.1,26.1,68.4,6.0,1055.5,Muskmelon
51.0,45.7,45.2,23.3,89.0,7.32,742.6,Muskmelon
68.4,42.7,40.8,26.0,71.0,6.64,1779.5,Muskmelon
90.3,34.0,51.4,22.4,61.8,5.6,1230.9,Muskmelon
67.8,37.5,50.8,25.7,59.8,5.6,1773.1,Muskmelon
50.5,58.1,48.8,21.2,59.9,5.52,853.2,Muskmelon
56.9,48.4,35.0,23.3,73.6,6.1,552.6,Muskmelon
51.9,30.8,52.2,21.2,81.9,6.36,1179.5,Apple
75.6,51.4,38.2,19.2,72.2,6.15,1163.7,Apple
82.3,44.8,48.6,23.4,79.6,6.91,1301.3,Apple
83.9,56.2,43.0,22.1,80.6,6.67,606.5,Apple
94.6,30.9,52.5,25.6,88.1,5.61,1395.3,Apple
71.4,39.9,32.7,23.6,69.2,5.71,1418.7,Apple
86.9,53.0,57.2,22.1,88.1,7.23,944.8,Apple
58.0,43.1,42.1,23.8,73.3,7.0,1264.8,Apple
55.2,55.7,39.3,27.7,54.7,7.42,636.5,Apple
61.6,31.4,51.2,26.5,67.4,7.36,1385.4,Apple
81.5,55.4,38.9,21.5,86.2,7.3,1964.7,Apple
95.1,33.8,54.7,22.1,89.6,6.44,1330.8,Apple
76.5,39.7,32.3,27.0,82.1,5.78,1665.2,Apple
81.3,42.3,37.6,26.6,78.0,6.6,1414.4,Apple
54.6,44.2,35.8,20.1,76.5,7.32,1105.6,Apple
60.4,49.5,56.1,25.5,84.8,6.57,1627.8,Apple
57.0,40.4,41.7,23.1,87.2,7.25,701.8,Apple
58.6,40.7,38.7,24.1,86.1,7.42,1480.4,Apple
91.9,45.8,36.2,23.2,72.2,6.98,829.8,Apple
68.4,40.9,58.8,22.4,80.2,7.0,898.3,Apple
78.6,56.8,44.3,27.5,58.6,5.65,1837.2,Apple
92.4,59.8,50.4,27.4,83.1,7.19,1353.7,Apple
69.1,58.0,43.0,23.4,67.8,6.63,1205.8,Apple
52.4,56.5,43.3,23.9,55.6,5.51,867.9,Apple
85.2,33.0,57.3,20.2,58.2,5.86,521.0,Apple
88.6,56.3,48.4,19.9,61.4,6.45,1931.5,Apple
62.4,51.9,43.2,21.0,68.2,5.64,1698.0,Apple
62.2,51.8,32.1,27.6,57.7,7.27,1714.2,Apple
98.4,44.3,51.8,21.7,57.4,6.39,748.6,Apple
99.1,32.9,47.7,24.3,71.5,6.82,674.3,Apple
77.8,38.6,58.2,25.6,88.9,5.58,927.7,Apple
59.8,30.3,37.3,24.8,59.2,6.52,1831.7,Apple
84.7,41.8,41.2,22.6,57.1,6.77,1046.2,Apple
92.6,52.7,48.3,21.6,58.4,7.05,1229.6,Apple
61.2,35.9,35.0,25.8,59.2,6.55,1177.3,Apple
79.0,56.3,56.0,22.5,50.6,6.35,1409.3,Apple
77.9,49.5,34.6,24.5,57.3,7.0,1008.6,Apple
85.5,31.4,42.2,25.1,59.1,7.09,1446.2,Apple
79.4,40.6,44.5,24.0,68.9,6.9,1150.5,Apple
60.1,36.4,30.2,21.0,80.0,7.09,803.7,Apple
98.0,45.1,57.5,25.1,78.9,5.67,830.0,Apple
50.4,51.5,40.3,25.9,63.6,7.14,696.0,Apple
58.7,40.2,42.3,21.5,80.5,5.69,1026.8,Apple
91.9,32.0,58.3,27.9,53.5,6.08,1058.6,Apple
88.8,47.9,49.3,25.6,54.7,7.17,1558.4,Apple
78.9,56.7,51.0,20.0,67.2,6.49,582.8,Apple
97.7,33.9,50.9,23.1,51.0,7.35,1777.8,Apple
76.2,36.9,33.6,21.6,60.2,6.51,1949.6,Apple
78.7,56.7,49.5,22.8,84.2,6.44,1802.9,Apple
64.6,33.9,55.7,23.9,85.6,7.38,580.4,Apple
75.0,41.2,48.8,25.9,61.2,6.61,1563.1,Apple
56.7,54.4,48.2,27.5,63.6,5.72,1259.8,Apple
54.3,59.1,31.2,25.5,71.0,6.24,598.8,Apple
81.1,47.6,38.4,27.1,62.2,6.4,1315.6,Apple
55.0,58.0,41.2,18.8,65.5,6.7,1270.5,Apple
84.7,31.7,38.5,26.2,53.2,7.21,637.8,Apple
91.7,40.8,48.4,19.5,52.6,5.93,691.8,Apple
65.6,45.4,47.7,25.9,76.2,6.72,1117.7,Apple
73.7,42.4,55.3,20.3,50.2,6.8,803.7,Apple
94.5,55.8,32.3,19.1,69.8,6.72,912.4,Apple
85.8,47.8,39.7,18.3,80.0,5.93,1751.7,Apple
71.0,47.3,56.2,26.6,64.9,5.92,1662.7,Apple
71.7,35.8,57.1,20.0,51.0,5.54,1433.5,Apple
83.1,39.3,39.6,21.4,77.2,5.62,1893.7,Apple
61.1,60.0,35.1,25.7,58.9,5.66,1812.4,Apple
92.9,42.1,51.1,23.6,84.1,6.13,1285.5,Apple
74.3,40.6,56.7,19.7,56.0,6.65,1486.2,Apple
59.7,41.7,58.4,20.5,76.7,6.98,1172.2,Apple
96.9,52.1,43.7,23.7,77.7,6.68,1818.0,Apple
67.8,39.0,36.4,18.4,51.7,7.24,1517.6,Apple
83.0,48.4,55.5,22.8,84.8,6.22,1890.1,Apple
84.9,37.7,46.9,23.3,55.5,6.68,972.2,Apple
52.6,58.5,49.2,26.8,77.0,6.21,1269.0,Apple
83.8,58.8,37.6,26.7,87.0,6.84,1896.9,Apple
69.9,58.6,51.1,18.4,86.3,6.47,1190.5,Apple
78.3,34.5,44.1,26.3,50.6,6.05,503.7,Apple
70.8,51.8,54.0,27.5,74.3,6.01,1886.2,Apple
88.8,47.2,50.9,27.2,78.5,6.24,1569.5,Apple
52.0,41.6,42.2,19.7,50.9,5.77,1481.9,Apple
90.1,59.6,40.4,24.0,87.5,5.83,1576.5,Apple
87.7,32.7,55.8,26.1,51.3,5.68,573.7,Apple
66.7,45.3,46.0,20.7,86.5,6.24,568.3,Apple
65.0,45.9,42.2,20.7,55.3,7.14,1994.2,Apple
66.5,41.4,48.5,25.2,65.7,7.31,1340.0,Apple
72.5,49.4,58.6,25.9,51.6,6.16,1205.8,Apple
65.7,51.0,54.8,25.3,89.6,6.05,1812.5,Apple
88.3,40.9,52.0,19.0,81.6,6.56,938.4,Apple
82.8,49.2,36.3,18.3,67.3,6.64,1814.9,Apple
96.4,45.9,52.6,22.4,79.8,5.91,1056.6,Apple
81.7,30.5,51.7,26.4,66.0,6.4,1776.9,Apple
88.8,38.6,39.7,24.8,72.5,5.82,964.9,Apple
95.0,50.6,59.6,25.7,87.7,5.93,1657.2,Apple
51.0,50.1,44.1,21.5,84.5,7.21,533.5,Apple
80.5,41.0,42.5,26.3,62.4,7.39,769.5,Apple
83.1,50.2,37.6,21.2,83.4,7.02,993.6,Apple
76.7,31.9,36.3,22.9,53.4,7.19,1577.0,Apple
97.2,50.8,58.2,23.5,74.0,7.45,1463.2,Apple
51.5,51.7,57.2,26.0,73.4,6.84,1985.3,Apple
54.5,50.0,38.5,24.4,74.3,5.81,810.1,Apple
81.1,33.8,38.0,26.4,63.1,6.48,1911.7,Apple
61.4,41.7,48.2,25.6,86.1,7.33,1665.0,Orange
61.4,30.7,41.5,19.4,78.4,6.82,566.0,Orange
91.8,37.5,43.0,24.7,67.2,6.38,598.4,Orange
70.1,52.9,57.5,22.1,66.9,6.91,1914.2,Orange
63.4,43.2,53.9,24.1,54.4,6.76,780.1,Orange
75.5,45.9,56.3,22.6,61.2,5.96,1811.4,Orange
58.6,42.8,35.6,25.7,69.0,6.2,1041.6,Orange
92.6,46.6,51.5,27.0,86.1,6.16,1928.7,Orange
51.2,41.3,56.9,20.7,60.9,6.11,1418.5,Orange
71.9,51.8,56.8,24.7,58.2,7.37,896.7,Orange
57.5,32.7,46.9,19.1,55.6,6.1,922.5,Orange
80.2,54.5,52.8,20.6,59.8,7.43,512.4,Orange
94.0,36.0,58.4,21.4,67.6,6.91,1381.5,Orange
65.9,46.6,51.9,18.4,50.4,6.42,697.8,Orange
83.2,36.4,43.0,20.0,71.9,5.73,534.7,Orange
52.6,58.6,34.3,25.1,52.7,5.72,1263.3,Orange
73.2,58.5,58.3,25.8,74.1,6.41,1034.3,Orange
97.4,48.1,47.4,20.3,51.9,7.39,970.6,Orange
72.1,33.4,55.1,18.3,83.4,5.78,1829.8,Orange
86.5,34.9,47.0,21.1,57.1,7.22,1105.3,Orange
69.9,35.1,41.5,26.7,64.5,7.4,1919.5,Orange
57.2,35.3,55.9,21.9,50.2,6.05,1396.4,Orange
90.0,34.0,33.3,27.2,80.0,6.68,1653.8,Orange
71.4,52.8,41.2,20.4,79.2,6.34,1972.1,Orange
67.5,57.7,58.0,20.4,81.9,6.37,1876.3,Orange
72.5,52.3,44.0,20.3,58.0,6.35,1633.2,Orange
80.3,50.7,38.5,22.8,51.8,7.14,1984.8,Orange
70.3,30.3,35.1,24.5,74.5,7.08,880.8,Orange
88.2,50.6,39.7,23.5,55.9,6.41,1821.8,Orange
71.1,55.2,47.7,19.9,73.2,6.51,1098.0,Orange
56.0,42.5,32.2,19.0,66.6,6.11,1888.3,Orange
68.8,52.7,45.9,25.0,60.4,7.38,1295.1,Orange
91.6,41.0,33.0,24.7,50.3,6.45,789.2,Orange
81.4,59.4,43.9,26.2,70.3,6.49,1895.6,Orange
94.5,53.6,38.9,23.5,59.0,6.39,1226.3,Orange
91.6,56.9,42.4,18.2,84.5,5.85,1432.8,Orange
51.2,42.0,59.6,19.0,66.9,6.11,1857.6,Orange
93.5,37.1,32.4,24.3,63.5,6.84,548.2,Orange
56.7,50.6,36.4,26.6,52.3,5.93,1997.8,Orange
71.7,51.1,35.5,24.1,79.0,6.13,1743.3,Orange
80.2,41.7,46.7,23.8,56.6,6.31,1015.1,Orange
70.0,52.8,44.5,27.4,61.7,6.33,1680.4,Orange
77.3,46.4,31.6,22.0,60.8,7.5,962.5,Orange
94.2,50.3,40.2,23.4,83.6,7.27,740.6,Orange
67.0,40.1,31.3,24.0,84.2,6.26,1610.1,Orange
81.4,41.3,34.2,25.1,84.2,6.87,526.8,Orange
60.8,32.1,47.1,25.6,54.4,7.18,1333.3,Orange
84.5,59.1,32.5,27.0,55.0,6.29,1777.2,Orange
95.3,45.2,47.8,25.1,83.3,5.74,1715.1,Orange
74.1,43.5,42.7,23.1,87.8,6.6,1929.8,Orange
59.0,51.7,54.4,24.8,74.3,6.63,1791.4,Orange
91.1,33.7,55.5,22.1,60.1,7.24,1148.0,Orange
90.4,37.9,30.1,23.0,54.0,7.01,914.1,Orange
72.2,32.6,38.6,25.8,56.1,6.79,1876.1,Orange
84.0,54.3,33.3,20.5,85.8,6.93,1459.3,Orange
83.2,42.4,31.3,25.8,77.1,6.45,1849.6,Orange
66.8,38.8,56.2,26.0,70.6,5.76,822.6,Orange
82.8,41.6,55.1,27.5,82.2,6.26,1683.0,Orange
67.6,35.0,31.0,21.9,86.1,5.98,809.8,Orange
98.5,30.8,53.6,21.2,51.5,7.34,709.5,Orange
77.6,38.2,32.0,18.5,54.6,5.64,1640.8,Orange
74.3,40.3,42.6,27.3,86.4,6.93,1827.0,Orange
66.0,41.4,48.4,24.2,69.3,6.3,1979.3,Orange
91.1,43.0,51.8,20.7,54.0,6.2,1104.5,Orange
50.8,54.4,40.8,23.8,53.0,5.85,1834.5,Orange
80.4,58.5,60.0,21.7,62.0,7.22,1997.9,Orange
81.5,53.9,53.5,21.6,73.0,7.17,1532.2,Orange
51.1,40.1,34.3,20.3,86.2,5.57,829.7,Orange
65.5,48.5,46.0,20.2,56.6,5.97,1253.8,Orange
63.6,58.4,43.9,18.6,79.2,6.16,1480.2,Orange
64.0,47.1,53.2,27.3,60.4,6.17,1196.4,Orange
96.4,57.0,32.7,19.3,69.8,5.71,1018.4,Orange
57.4,49.1,58.5,28.0,65.0,6.7,1784.4,Orange
55.9,50.7,42.3,20.1,66.1,5.65,1543.1,Orange
62.6,39.3,33.6,26.6,69.7,6.64,1354.1,Orange
70.5,35.8,52.4,19.3,54.2,6.92,813.3,Orange
65.3,44.3,43.5,25.1,74.9,6.79,1571.1,Orange
64.6,39.7,43.1,21.1,89.4,7.13,747.0,Orange
50.3,31.3,37.3,19.1,71.3,7.22,1605.1,Orange
60.8,42.0,45.2,26.1,83.6,7.32,1263.9,Orange
84.7,33.4,47.0,20.5,67.3,6.77,885.5,Orange
52.6,30.3,30.7,18.1,54.4,5.98,831.8,Orange
99.3,39.2,33.8,23.5,84.3,6.86,944.1,Orange
78.1,51.4,51.8,24.7,84.8,7.24,1368.4,Orange
71.5,49.2,54.5,18.1,89.7,5.87,1205.4,Orange
93.6,36.8,44.3,19.3,65.8,5.85,1045.4,Orange
68.7,59.8,59.8,19.1,79.0,5.6,545.3,Orange
55.3,59.0,58.2,19.9,56.5,5.98,1273.3,Orange
78.5,36.6,52.7,21.1,86.9,6.81,1154.5,Orange
89.5,54.5,38.7,21.4,87.4,5.83,563.2,Orange
72.7,54.0,53.2,27.2,71.3,5.7,1383.0,Orange
88.9,32.8,35.2,18.1,73.7,7.27,1506.0,Orange
99.1,31.9,57.1,26.1,62.6,7.45,931.9,Orange
94.5,56.4,52.7,23.6,54.8,6.56,1035.2,Orange
89.6,52.7,57.3,18.1,82.4,7.38,1684.0,Orange
56.5,32.4,30.6,24.3,75.2,7.47,1097.1,Orange
66.6,48.7,54.8,27.4,82.1,6.35,1452.4,Orange
92.8,44.7,36.5,19.7,50.0,6.94,666.6,Orange
62.2,38.9,46.8,22.0,77.0,5.61,685.9,Orange
75.0,40.1,38.9,18.7,85.8,6.88,682.4,Orange
53.3,59.2,50.4,22.2,78.1,7.01,1669.9,Papaya
73.9,42.9,30.3,27.3,74.1,5.91,1879.4,Papaya
95.7,59.7,56.2,28.0,59.8,7.18,1734.5,Papaya
61.5,33.0,59.4,21.0,84.8,5.51,531.5,Papaya
73.3,37.2,50.7,23.7,53.1,5.83,1082.1,Papaya
59.3,53.8,42.5,18.9,69.4,5.68,693.4,Papaya
62.0,55.8,57.7,26.3,63.4,6.04,1323.7,Papaya
86.1,59.8,33.9,18.5,77.8,7.16,1769.5,Papaya
83.9,58.6,45.3,27.1,88.7,7.19,964.6,Papaya
59.8,46.4,43.6,26.8,54.0,6.02,1627.7,Papaya
54.7,39.6,41.6,24.2,56.3,7.22,1171.3,Papaya
95.9,44.0,38.3,19.4,50.1,6.56,660.7,Papaya
69.6,47.7,38.3,19.8,81.0,7.39,650.7,Papaya
57.8,58.8,31.1,27.8,50.2,7.25,961.0,Papaya
96.9,39.5,49.6,18.8,59.7,7.05,1293.0,Papaya
96.4,42.9,56.1,22.5,89.2,7.42,993.7,Papaya
94.3,55.4,36.3,24.2,52.9,7.17,761.8,Papaya
53.5,42.0,47.3,26.5,89.0,6.38,590.7,Papaya
87.5,47.0,43.4,21.1,70.1,6.18,1635.5,Papaya
77.2,56.3,46.3,20.4,84.0,6.61,810.3,Papaya
81.2,40.7,55.3,22.5,79.1,5.69,1094.0,Papaya
99.2,54.3,34.8,20.8,63.2,6.8,1635.5,Papaya
87.5,45.3,54.3,22.4,55.0,6.63,1928.5,Papaya
89.6,47.4,49.4,27.3,67.1,6.16,1965.9,Papaya
93.2,39.7,43.9,22.2,56.0,7.42,1106.5,Papaya
93.8,35.7,46.4,18.2,80.6,6.66,1438.4,Papaya
52.6,36.3,32.2,20.9,75.1,6.63,1418.2,Papaya
77.5,38.2,37.3,19.4,84.0,6.73,779.8,Papaya
58.9,56.2,52.3,24.6,66.3,6.02,1969.2,Papaya
89.9,39.1,55.4,25.6,61.9,6.35,778.9,Papaya
55.6,51.7,38.0,26.2,89.8,5.65,1209.6,Papaya
90.1,53.7,52.8,21.5,68.2,6.69,1960.9,Papaya
66.4,57.7,38.1,27.9,76.8,6.43,1420.1,Papaya
63.6,38.2,33.4,19.1,63.9,7.03,1412.0,Papaya
55.1,55.6,48.0,27.6,76.8,5.85,1210.7,Papaya
82.4,30.8,30.4,19.3,60.1,6.36,1231.2,Papaya
56.9,50.2,47.9,20.9,50.5,5.66,1087.5,Papaya
57.7,41.3,48.8,23.5,59.2,6.19,1421.0,Papaya
93.0,52.6,46.6,21.6,64.6,7.26,558.9,Papaya
99.4,49.9,50.4,18.4,74.2,6.47,658.7,Papaya
63.9,56.7,46.5,22.1,52.9,6.93,1554.3,Papaya
80.7,45.3,43.0,23.9,59.3,7.38,1383.2,Papaya
65.6,43.5,54.2,19.6,61.7,6.86,973.2,Papaya
89.6,33.9,52.9,18.7,50.5,7.3,1372.0,Papaya
67.6,37.0,48.5,23.1,89.7,7.47,1452.5,Papaya
72.1,44.7,50.5,19.0,63.1,5.65,610.0,Papaya
59.8,44.6,53.5,22.9,63.4,5.66,1325.4,Papaya
63.6,48.4,59.3,19.1,58.5,6.45,1952.9,Papaya
88.6,56.9,40.0,27.9,54.1,5.61,1783.4,Papaya
96.4,32.7,33.4,18.3,54.2,5.92,1955.1,Papaya
83.4,53.4,53.3,23.4,81.9,6.69,971.8,Papaya
78.1,46.0,54.7,27.8,66.4,7.03,649.6,Papaya
88.8,41.1,31.2,21.6,74.4,5.74,1886.1,Papaya
53.9,57.9,51.2,21.3,65.6,6.98,1402.2,Papaya
83.6,41.7,44.6,27.9,58.6,6.34,937.7,Papaya
88.3,52.9,38.8,18.8,50.5,6.35,1115.5,Papaya
99.4,44.1,37.7,26.9,69.6,6.7,643.5,Papaya
69.1,58.3,47.7,21.4,75.0,7.32,911.0,Papaya
75.3,58.8,35.2,25.2,74.6,6.86,1026.8,Papaya
65.7,50.5,36.5,22.2,57.5,5.52,1955.1,Papaya
71.6,59.1,34.2,23.9,58.0,7.08,1675.6,Papaya
55.6,57.4,35.8,24.1,89.4,7.26,1934.8,Papaya
67.1,33.2,35.7,23.0,81.7,5.8,1489.6,Papaya
66.2,40.2,49.9,22.7,82.5,5.81,1684.9,Papaya
53.2,35.8,49.7,26.5,60.1,6.15,1305.7,Papaya
60.6,54.3,53.2,19.5,68.6,7.05,1006.0,Papaya
81.7,31.5,48.3,19.5,83.2,6.21,922.3,Papaya
92.0,31.5,41.9,21.7,61.4,7.32,1626.4,Papaya
53.2,51.4,45.8,27.0,62.5,6.65,1251.1,Papaya
74.5,43.7,36.2,25.6,68.1,7.42,891.2,Papaya
84.1,58.2,49.9,26.7,83.1,6.22,1400.2,Papaya
57.8,46.1,36.9,25.4,71.1,6.32,903.2,Papaya
99.9,32.2,31.3,20.2,88.8,7.46,1482.4,Papaya
94.0,36.4,59.2,19.4,54.0,5.72,1359.7,Papaya
89.0,41.0,59.3,22.3,56.0,6.43,1518.6,Papaya
91.6,43.8,47.8,20.7,75.8,7.47,573.6,Papaya
94.3,46.9,37.6,27.5,69.3,6.16,772.2,Papaya
62.2,55.0,48.4,27.1,59.3,5.74,509.1,Papaya
75.4,59.9,50.8,21.1,85.1,7.06,523.1,Papaya
90.8,39.0,34.5,20.3,68.7,6.35,933.3,Papaya
58.6,52.9,59.7,25.8,61.8,5.99,826.5,Papaya
56.8,46.5,48.2,25.1,77.2,6.08,995.5,Papaya
84.1,40.5,36.4,21.7,60.9,5.68,1745.2,Papaya
92.7,36.6,31.9,25.4,58.5,6.29,596.2,Papaya
61.3,53.8,54.1,20.1,63.4,5.77,611.3,Papaya
99.6,49.7,46.3,25.7,83.6,7.11,524.8,Papaya
59.3,49.6,41.3,27.8,76.6,7.41,802.2,Papaya
93.2,39.6,59.7,19.6,70.7,7.09,1149.0,Papaya
73.4,59.6,42.8,24.0,52.2,7.18,1472.3,Papaya
70.2,30.5,47.8,18.1,50.0,6.73,783.5,Papaya
59.6,49.6,31.6,21.1,56.0,6.66,1492.6,Papaya
86.1,37.7,32.7,18.8,67.0,7.39,826.6,Papaya
62.8,33.0,48.2,24.8,75.7,7.22,1229.6,Papaya
56.7,38.7,49.9,24.1,71.2,6.87,1456.1,Papaya
94.1,47.6,53.4,20.5,77.1,7.3,1078.6,Papaya
89.0,51.7,31.8,23.8,55.2,7.43,1717.1,Papaya
55.5,33.7,47.8,21.4,51.4,6.58,1081.8,Papaya
55.1,54.1,57.5,25.6,82.9,5.93,895.4,Papaya
60.4,53.0,58.4,25.2,85.3,6.78,1081.5,Papaya
71.3,32.3,30.9,25.0,67.5,6.6,1336.5,Papaya
63.9,44.3,44.1,21.9,82.8,6.4,1405.5,Coconut
94.8,56.0,56.7,20.7,51.4,6.02,918.1,Coconut
95.5,49.5,32.5,19.4,56.2,6.76,1603.1,Coconut
93.0,58.2,36.1,21.1,59.6,6.22,1872.0,Coconut
78.8,52.1,44.7,18.3,52.6,6.58,1578.2,Coconut
60.8,51.7,54.3,22.1,79.9,6.31,1517.5,Coconut
88.2,59.8,40.4,22.1,56.6,5.91,1540.1,Coconut
95.9,41.8,35.4,20.9,68.2,6.08,850.4,Coconut
86.8,30.2,46.2,25.9,60.6,6.71,1503.4,Coconut
82.8,43.4,40.4,26.4,80.3,6.14,654.5,Coconut
53.6,32.8,47.5,18.5,63.5,7.01,941.5,Coconut
88.2,52.4,37.4,25.3,79.9,6.29,815.6,Coconut
76.1,57.6,49.2,19.7,77.3,6.35,1387.3,Coconut
86.7,45.4,54.4,25.2,74.6,5.8,1753.9,Coconut
96.8,34.1,44.6,20.6,80.2,6.94,711.3,Coconut
93.9,35.4,53.9,22.6,63.1,5.82,751.4,Coconut
83.1,46.5,33.7,19.1,52.9,6.99,1567.8,Coconut
52.9,46.8,32.5,27.0,86.3,6.9,1889.3,Coconut
90.6,54.9,47.1,21.1,58.7,6.15,1442.7,Coconut
58.6,37.8,44.0,20.3,73.5,7.35,1622.1,Coconut
83.3,47.5,44.6,19.9,85.8,6.0,637.0,Coconut
87.5,35.3,41.2,18.3,55.5,5.85,581.6,Coconut
82.8,55.1,41.2,26.7,58.5,6.15,726.1,Coconut
81.0,42.6,48.4,25.6,71.8,6.76,1902.9,Coconut
65.0,40.8,51.5,24.1,57.1,6.25,1201.8,Coconut
71.0,35.3,57.7,25.6,69.3,6.86,1845.9,Coconut
56.8,37.5,46.3,26.0,51.5,7.47,1182.4,Coconut
68.0,38.8,35.2,25.9,88.2,6.33,1928.6,Coconut
91.2,44.4,50.2,22.3,72.3,5.62,1544.4,Coconut
52.6,54.5,54.7,20.4,62.9,6.46,1395.0,Coconut
64.4,47.8,38.9,18.6,50.1,5.7,1688.4,Coconut
98.1,42.8,45.4,19.5,72.0,5.79,1416.8,Coconut
96.7,35.9,52.9,18.2,65.0,5.72,1028.7,Coconut
58.7,41.2,42.5,21.0,76.3,7.34,1100.9,Coconut
59.6,38.1,55.6,23.7,68.2,5.8,1174.6,Coconut
63.9,58.3,56.5,18.8,70.7,5.95,1116.2,Coconut
93.8,45.8,40.0,20.1,82.0,6.75,1202.1,Coconut
60.9,40.0,58.8,23.2,66.0,6.54,1668.5,Coconut
67.0,35.4,47.5,24.7,78.5,7.26,1056.8,Coconut
53.8,58.8,43.1,24.2,76.7,6.59,807.9,Coconut
87.8,54.1,46.6,22.9,54.6,5.67,1009.3,Coconut
65.5,58.6,53.5,24.6,70.7,5.83,1967.7,Coconut
68.8,33.2,44.8,26.7,85.5,5.52,1829.4,Coconut
63.6,31.2,55.4,26.6,73.8,6.65,1719.7,Coconut
89.3,56.7,46.6,27.7,89.8,5.73,1774.3,Coconut
75.0,41.6,48.4,18.6,70.3,7.24,820.2,Coconut
71.3,58.2,42.9,21.6,67.6,6.54,1448.0,Coconut
90.0,43.6,54.5,23.3,63.5,6.82,1576.6,Coconut
77.9,31.7,35.1,20.9,61.3,6.85,527.5,Coconut
87.8,38.0,39.3,23.3,58.6,7.27,628.1,Coconut
72.2,55.5,48.5,20.9,66.8,6.91,1959.9,Coconut
94.7,40.3,59.9,18.0,51.1,7.15,799.2,Coconut
53.0,37.1,42.8,25.3,75.0,5.98,1254.9,Coconut
96.3,54.5,39.7,27.8,78.3,5.62,552.7,Coconut
58.4,51.8,35.5,23.1,53.7,7.34,1015.9,Coconut
95.4,58.3,30.2,22.6,51.0,7.32,1277.6,Coconut
53.7,33.3,41.5,27.4,77.7,7.24,1049.7,Coconut
52.2,59.2,30.5,27.5,64.7,5.52,1533.7,Coconut
99.0,59.0,34.8,19.8,72.6,6.77,1609.1,Coconut
59.1,58.8,49.2,26.5,71.6,6.33,1965.8,Coconut
79.1,56.0,58.6,24.8,72.0,5.51,560.0,Coconut
60.0,35.6,37.6,21.0,64.4,6.34,648.3,Coconut
52.1,50.2,46.1,22.4,75.4,7.16,1141.5,Coconut
82.1,58.6,55.2,22.3,75.8,5.85,1340.8,Coconut
99.1,45.5,57.8,22.1,90.0,6.66,563.4,Coconut
79.3,38.2,31.0,26.2,61.0,7.09,932.3,Coconut
59.7,59.2,40.8,24.0,74.4,6.62,1872.0,Coconut
83.7,42.1,55.9,19.8,71.8,7.4,1438.1,Coconut
90.8,49.6,55.2,27.4,60.9,5.84,1226.0,Coconut
85.1,36.8,30.1,21.4,88.8,6.89,1102.0,Coconut
59.6,40.7,35.1,19.1,86.3,7.5,746.2,Coconut
52.7,39.9,43.8,20.0,62.1,5.9,1661.4,Coconut
85.6,49.0,41.6,27.1,88.8,5.85,834.5,Coconut
76.3,32.7,43.1,23.8,70.9,6.16,1313.7,Coconut
97.9,36.2,49.6,18.4,52.7,6.6,657.4,Coconut
51.1,35.1,46.9,25.0,58.1,6.84,773.7,Coconut
80.7,42.4,49.6,28.0,87.5,5.51,1828.2,Coconut
53.3,58.6,38.5,21.8,53.7,5.72,1590.1,Coconut
97.2,48.3,51.5,25.6,60.5,5.59,502.8,Coconut
67.5,37.2,31.9,19.8,55.0,7.33,710.4,Coconut
76.9,47.8,46.3,19.0,62.8,5.6,1093.5,Coconut
59.4,46.8,50.8,23.3,67.4,6.27,1762.5,Coconut
61.0,52.0,52.7,22.2,61.9,6.44,639.8,Coconut
52.3,33.3,35.6,23.0,84.0,5.97,1902.7,Coconut
97.7,58.8,55.1,21.6,52.9,6.64,1338.0,Coconut
92.5,59.9,45.2,21.5,57.4,5.51,1263.7,Coconut
77.8,54.7,45.1,27.2,75.1,7.18,722.5,Coconut
92.8,50.3,35.1,19.9,87.1,5.56,1193.8,Coconut
65.7,50.0,55.2,21.6,67.1,7.46,1675.9,Coconut
94.9,43.2,37.0,22.1,78.6,5.72,905.7,Coconut
52.3,43.0,54.8,18.2,77.0,7.36,855.4,Coconut
84.7,59.3,58.9,20.3,54.0,5.8,1553.1,Coconut
86.3,50.2,40.1,19.7,73.2,6.47,1593.3,Coconut
72.1,40.2,38.8,20.1,60.6,5.69,1020.3,Coconut
51.8,35.6,52.4,21.3,76.7,6.93,1371.8,Coconut
97.9,30.6,52.2,27.6,84.5,5.84,990.2,Coconut
58.6,48.0,51.4,21.2,71.6,6.88,1132.0,Coconut
92.7,53.1,31.9,24.2,59.4,6.62,1935.3,Coconut
94.0,42.1,38.7,20.3,71.3,5.73,1323.9,Coconut
50.1,39.7,36.6,27.7,79.1,6.2,639.3,Coconut
92.8,47.1,45.4,27.3,66.2,6.13,608.2,Cotton
98.9,54.3,45.1,25.2,64.6,5.69,627.3,Cotton
92.5,46.0,42.0,25.9,68.9,6.07,636.3,Cotton
90.1,50.7,44.5,26.6,60.5,5.99,559.2,Cotton
89.9,54.6,41.8,25.2,65.1,6.36,583.3,Cotton
96.2,53.6,43.1,25.6,63.6,6.33,508.9,Cotton
89.6,51.8,45.7,25.7,65.4,5.7,586.1,Cotton
92.5,54.0,42.6,27.5,66.4,5.52,644.9,Cotton
85.5,55.0,48.7,25.2,62.6,5.88,571.2,Cotton
90.6,48.2,46.2,24.7,68.5,6.31,595.3,Cotton
97.8,47.5,40.2,26.5,64.6,6.07,679.9,Cotton
99.5,51.3,47.6,24.3,61.6,6.23,586.3,Cotton
91.7,48.1,46.1,24.7,66.3,5.67,512.8,Cotton
90.0,47.3,48.9,24.2,61.8,6.05,596.2,Cotton
85.7,45.1,49.9,26.6,63.7,5.97,553.3,Cotton
90.2,51.5,48.8,24.7,68.4,5.62,543.0,Cotton
85.6,46.4,49.2,25.8,60.8,6.46,675.8,Cotton
96.3,54.3,42.2,27.3,66.9,6.37,659.4,Cotton
90.2,52.7,42.6,25.3,61.1,6.44,558.2,Cotton
92.8,48.9,49.6,25.3,67.8,6.36,587.1,Cotton
90.7,52.5,49.1,27.0,62.3,6.39,577.5,Cotton
93.6,53.3,41.9,27.1,66.0,6.39,534.4,Cotton
91.3,53.3,40.2,24.4,69.9,5.78,695.1,Cotton
87.7,48.6,47.5,26.6,65.8,6.03,668.7,Cotton
88.5,49.4,41.6,26.4,62.5,5.83,594.3,Cotton
85.4,45.9,46.9,25.7,68.6,6.19,501.6,Cotton
94.3,45.9,47.8,28.0,65.3,6.18,547.5,Cotton
91.6,53.6,41.7,25.1,64.5,6.21,575.2,Cotton
98.9,45.9,43.7,26.8,62.3,6.16,532.8,Cotton
85.8,46.2,49.3,26.2,68.0,5.83,618.5,Cotton
92.4,54.5,47.5,26.9,60.5,6.05,593.4,Cotton
98.9,47.6,42.7,25.6,62.4,5.63,671.5,Cotton
93.4,53.6,48.3,25.1,65.5,5.58,683.1,Cotton
91.1,48.9,43.0,25.8,62.5,5.87,660.0,Cotton
97.5,48.0,44.7,27.5,60.5,6.39,543.8,Cotton
95.2,50.8,45.5,27.4,61.0,5.85,607.7,Cotton
97.2,47.2,48.0,25.6,61.9,6.26,518.2,Cotton
92.7,45.6,43.6,26.4,65.6,5.9,585.8,Cotton
88.4,49.6,49.5,27.4,61.5,5.53,686.7,Cotton
92.9,50.4,47.8,25.3,64.8,6.47,634.4,Cotton
87.3,46.3,42.0,27.1,63.0,5.52,688.8,Cotton
87.5,45.1,42.4,24.9,64.2,6.42,675.8,Cotton
91.9,49.1,45.6,25.0,60.5,6.44,537.3,Cotton
88.0,49.7,44.9,24.1,61.5,5.88,636.7,Cotton
88.4,49.2,45.6,27.6,63.3,5.63,597.9,Cotton
96.2,46.1,44.2,24.1,60.3,5.98,559.6,Cotton
97.7,51.0,44.5,25.6,65.0,5.54,678.6,Cotton
100.0,46.8,41.2,24.6,66.6,6.16,669.6,Cotton
96.3,49.5,46.1,26.8,65.1,5.98,629.0,Cotton
93.4,51.4,46.1,26.9,66.4,6.02,636.4,Cotton
91.7,47.4,40.0,26.2,65.9,6.47,572.3,Cotton
90.9,47.0,40.7,27.1,62.5,6.11,637.6,Cotton
92.1,53.8,44.4,25.1,69.0,6.36,532.8,Cotton
85.4,45.9,42.9,27.9,65.6,5.87,677.7,Cotton
91.8,48.2,49.4,27.4,68.4,6.01,657.9,Cotton
87.7,50.7,49.8,25.2,67.9,5.99,508.0,Cotton
96.4,46.7,46.3,24.3,69.5,5.79,545.3,Cotton
86.9,54.5,47.1,27.0,65.0,5.97,522.0,Cotton
93.4,47.5,49.8,27.2,64.1,5.65,657.1,Cotton
86.8,46.9,42.1,26.2,67.9,5.81,516.9,Cotton
92.0,52.5,42.2,24.9,69.5,6.45,698.1,Cotton
97.1,46.9,42.1,25.4,63.2,6.46,657.8,Cotton
95.9,46.9,49.1,27.3,61.6,6.37,554.4,Cotton
86.2,51.6,46.5,24.4,63.2,6.49,635.7,Cotton
96.0,47.1,40.8,25.1,62.5,5.73,538.6,Cotton
93.6,48.3,48.2,24.7,64.6,5.51,596.3,Cotton
85.8,54.8,47.9,26.0,60.9,6.09,651.8,Cotton
87.9,50.7,48.1,27.1,68.0,6.38,687.5,Cotton
91.1,50.7,47.9,26.8,70.0,5.51,571.0,Cotton
89.2,47.6,42.2,26.8,60.8,6.24,638.7,Cotton
88.8,47.5,46.3,27.0,68.8,6.35,693.0,Cotton
93.7,54.1,48.1,27.6,60.1,6.47,594.7,Cotton
97.0,46.3,44.0,25.1,62.9,5.62,661.2,Cotton
85.1,48.1,41.7,26.4,62.5,5.76,597.7,Cotton
94.8,46.2,41.8,25.0,69.7,5.9,619.8,Cotton
88.6,49.9,40.7,24.1,64.7,5.9,527.4,Cotton
95.3,54.9,44.0,26.5,69.6,6.33,592.7,Cotton
96.1,46.3,45.1,25.1,61.6,5.93,526.2,Cotton
95.5,49.6,45.3,24.6,61.4,6.08,697.0,Cotton
86.4,47.9,48.7,24.3,68.8,6.02,581.7,Cotton
89.6,48.0,43.1,27.5,67.2,6.17,659.7,Cotton
88.9,51.2,44.6,27.1,63.1,6.14,676.4,Cotton
91.0,45.7,45.2,25.4,66.7,6.45,597.1,Cotton
92.0,51.5,41.0,25.0,69.2,6.17,502.7,Cotton
88.1,51.8,47.6,27.4,62.9,6.43,610.6,Cotton
95.4,51.0,41.2,27.9,61.2,5.75,662.7,Cotton
94.3,53.4,45.2,25.5,69.2,5.54,671.2,Cotton
88.5,53.5,41.4,26.3,68.9,5.97,649.3,Cotton
97.1,52.4,49.3,25.8,61.7,5.55,549.3,Cotton
87.1,50.6,41.8,24.2,60.4,6.33,618.3,Cotton
90.4,53.9,40.7,27.9,66.2,5.68,635.8,Cotton
96.5,49.3,48.6,24.6,62.8,5.59,542.2,Cotton
88.6,54.2,40.8,25.7,65.3,6.4,699.5,Cotton
96.3,54.7,47.9,27.9,67.1,5.58,580.4,Cotton
94.7,48.5,42.7,26.3,69.3,5.53,653.8,Cotton
95.8,54.6,49.3,27.0,65.2,5.7,609.0,Cotton
96.5,54.0,47.9,24.8,66.0,5.83,501.8,Cotton
88.0,46.1,48.4,25.0,62.8,6.46,575.8,Cotton
85.1,47.8,41.2,24.4,60.8,6.09,537.9,Cotton
90.4,53.6,44.2,27.7,65.0,5.9,650.1,Cotton
53.7,32.7,49.6,22.9,81.6,7.33,1082.6,Jute
79.8,45.0,59.4,26.3,86.5,6.01,1658.8,Jute
63.3,36.3,58.3,18.2,88.6,5.8,1729.2,Jute
63.8,40.5,36.5,23.9,63.9,6.81,523.5,Jute
53.2,33.0,42.6,26.1,85.5,5.99,1361.6,Jute
88.4,38.7,42.3,23.2,55.4,5.55,729.2,Jute
81.3,32.2,35.7,21.4,53.1,5.88,1866.9,Jute
51.0,49.6,41.5,24.7,73.5,5.95,1770.8,Jute
74.6,54.7,42.2,27.8,80.8,7.43,1271.5,Jute
73.7,52.7,56.4,27.6,63.0,7.1,816.0,Jute
77.3,35.4,40.4,27.3,55.8,6.76,1389.4,Jute
56.0,39.8,46.9,19.9,82.0,7.44,822.1,Jute
59.3,43.6,52.4,20.8,50.8,6.58,1934.9,Jute
69.6,42.6,59.1,24.9,78.8,6.63,1961.9,Jute
84.4,56.9,51.0,25.4,61.6,6.11,1674.5,Jute
64.8,46.9,37.5,26.2,54.4,7.16,1404.1,Jute
59.3,46.3,38.5,21.2,64.1,5.63,1978.9,Jute
51.6,49.9,41.1,24.5,64.2,6.85,1593.9,Jute
84.5,33.4,49.7,20.8,51.2,6.33,1150.3,Jute
73.4,51.1,39.3,21.2,52.4,6.87,1351.7,Jute
67.5,51.2,46.1,22.7,70.5,6.77,1490.0,Jute
64.4,34.2,34.7,24.4,84.9,6.32,754.3,Jute
87.8,55.0,56.4,24.1,84.4,5.53,660.9,Jute
54.6,51.4,32.1,23.0,68.9,6.12,1805.6,Jute
58.5,40.6,53.2,18.3,76.9,7.13,1898.4,Jute
93.8,39.6,47.6,18.8,60.3,5.69,972.8,Jute
93.8,40.4,46.9,22.3,68.4,7.44,944.2,Jute
81.4,42.6,31.8,22.9,82.5,5.7,604.4,Jute
57.7,52.9,51.7,23.7,68.7,7.28,1650.0,Jute
90.6,54.4,49.3,22.6,84.6,7.35,535.7,Jute
52.6,58.8,38.3,26.7,65.6,5.74,620.7,Jute
57.8,37.5,44.7,25.0,89.5,6.38,1277.3,Jute
76.1,46.2,45.5,18.1,50.1,5.7,652.3,Jute
85.2,36.1,56.8,27.3,89.0,7.38,907.8,Jute
75.5,35.3,54.2,26.9,84.1,6.37,1638.0,Jute
54.9,31.2,52.6,22.3,89.8,5.69,1783.4,Jute
74.0,54.8,54.5,27.2,61.9,7.4,727.5,Jute
54.1,42.9,54.8,22.7,83.2,6.96,814.1,Jute
97.4,31.8,56.9,21.0,70.0,6.34,757.8,Jute
67.9,35.8,36.1,19.9,69.6,7.1,1353.5,Jute
94.7,49.1,50.7,24.7,68.0,6.88,604.6,Jute
93.0,53.3,37.4,25.7,50.5,5.93,597.7,Jute
89.0,52.7,54.4,18.0,70.0,6.91,733.1,Jute
82.5,32.5,35.4,22.8,76.1,5.79,777.8,Jute
60.2,37.2,36.8,22.0,76.2,6.38,1664.0,Jute
86.0,33.8,31.5,26.8,53.2,5.8,533.2,Jute
81.4,47.5,59.6,26.9,66.4,6.24,945.3,Jute
57.6,34.1,34.0,19.1,59.6,6.11,1942.4,Jute
78.9,59.6,41.2,22.6,63.0,5.87,714.7,Jute
97.3,59.6,31.3,19.5,66.9,5.87,1045.8,Jute
56.5,43.7,38.2,21.5,53.8,6.36,1974.9,Jute
66.4,56.3,55.3,27.5,81.6,6.82,1784.9,Jute
53.8,43.9,59.7,25.7,88.5,7.06,1812.3,Jute
85.3,52.8,45.7,27.2,83.0,7.19,1509.5,Jute
65.2,31.1,58.1,23.9,61.9,5.8,1744.3,Jute
91.8,54.4,49.4,21.7,62.2,5.52,1750.4,Jute
54.4,48.9,45.1,23.3,87.1,5.56,1660.1,Jute
52.6,31.1,42.9,18.6,81.6,6.56,543.6,Jute
52.0,48.4,54.2,22.4,72.2,7.1,1415.8,Jute
61.2,48.4,48.8,25.3,74.8,7.44,795.9,Jute
97.6,46.2,50.2,19.0,65.2,7.04,1560.4,Jute
52.0,46.4,32.6,28.0,85.9,5.54,1788.0,Jute
96.0,40.6,51.6,22.4,76.2,6.18,983.8,Jute
71.2,34.4,54.9,21.5,66.0,7.29,1244.9,Jute
77.2,58.7,56.6,19.7,68.9,7.44,1058.5,Jute
68.6,35.9,33.4,25.4,80.8,7.44,1660.1,Jute
62.2,31.2,59.6,21.4,62.5,7.31,1377.6,Jute
60.7,56.7,59.8,18.9,84.5,6.28,1286.1,Jute
95.7,59.2,37.9,20.1,53.2,6.62,520.4,Jute
70.6,32.2,42.2,18.4,83.4,5.92,992.5,Jute
93.5,52.4,36.6,18.7,78.6,6.28,1649.1,Jute
72.3,40.4,43.5,25.5,86.1,5.6,1286.2,Jute
51.6,44.1,56.6,21.6,87.3,6.76,1901.2,Jute
87.9,33.1,36.9,21.9,56.8,6.49,1207.1,Jute
97.8,43.0,53.6,27.4,85.1,5.92,1244.0,Jute
67.4,42.0,40.8,26.3,68.1,6.55,1973.7,Jute
53.0,44.6,53.2,19.5,74.5,5.98,1801.1,Jute
66.4,39.9,47.9,19.8,61.4,6.33,1030.5,Jute
76.2,48.0,47.0,24.5,62.3,5.75,1641.2,Jute
92.5,37.7,42.2,23.0,71.3,6.82,562.4,Jute
86.1,31.9,44.0,26.3,68.0,5.8,1977.6,Jute
94.5,53.1,42.3,19.8,87.7,6.56,1778.5,Jute
67.1,40.1,59.6,23.2,55.6,5.94,1222.9,Jute
52.1,43.9,42.6,25.8,64.2,7.47,771.2,Jute
79.5,32.7,52.0,27.9,82.8,6.61,1227.1,Jute
91.8,58.1,59.7,22.0,89.6,5.81,880.3,Jute
54.5,38.2,53.0,26.5,81.2,6.76,1270.9,Jute
85.4,41.7,55.2,24.8,77.9,6.57,1827.8,Jute
62.6,41.4,53.3,22.9,85.6,6.19,1054.0,Jute
94.4,43.9,45.5,21.3,61.1,6.81,679.8,Jute
94.0,53.4,35.7,24.9,74.1,5.87,909.8,Jute
70.4,51.0,49.2,23.3,80.7,7.02,1426.8,Jute
89.3,40.0,56.4,24.1,82.9,6.59,827.7,Jute
77.1,41.1,50.9,22.8,83.4,6.86,1526.8,Jute
60.9,59.5,55.3,25.9,63.2,6.57,705.7,Jute
76.9,34.4,46.6,24.5,65.6,6.5,1813.5,Jute
55.4,53.8,35.1,18.4,57.4,7.03,1107.7,Jute
93.6,45.7,30.7,25.2,54.4,7.08,752.2,Jute
67.3,52.8,58.6,21.7,83.2,5.88,1710.8,Jute
82.9,35.8,39.1,19.3,65.3,5.91,1466.0,Jute
99.7,30.4,46.2,23.7,86.6,6.51,1315.6,Coffee
73.6,38.1,31.7,22.1,52.1,6.6,960.9,Coffee
76.7,34.0,58.0,26.9,57.6,6.19,1420.2,Coffee
54.8,40.6,37.5,27.2,84.1,6.66,1280.5,Coffee
96.5,58.0,59.1,19.3,56.4,6.85,1312.2,Coffee
50.9,31.9,56.6,26.7,64.3,7.28,1390.5,Coffee
90.3,42.8,33.4,22.3,68.3,6.6,658.4,Coffee
99.6,37.3,36.0,23.3,71.5,6.38,1657.8,Coffee
75.8,48.3,51.7,18.3,72.8,7.27,526.1,Coffee
70.3,57.8,40.6,22.6,89.3,5.9,597.9,Coffee
93.0,56.1,44.2,23.1,83.4,6.98,897.7,Coffee
50.8,44.4,55.8,27.0,88.2,7.26,1370.1,Coffee
72.2,53.2,52.2,23.4,53.5,7.35,1183.4,Coffee
68.2,48.9,50.2,20.1,83.5,6.08,780.0,Coffee
70.3,51.9,59.0,26.1,87.6,5.78,606.8,Coffee
77.9,38.7,54.8,24.7,88.8,6.01,1228.7,Coffee
75.1,37.2,47.7,22.4,67.9,6.23,525.4,Coffee
76.1,40.1,30.0,21.1,61.1,6.29,697.8,Coffee
75.4,50.8,48.9,26.0,68.1,6.54,1715.6,Coffee
71.4,51.0,43.0,22.2,80.4,5.85,1007.9,Coffee
61.2,40.8,36.9,23.8,81.9,7.07,1046.8,Coffee
99.4,47.8,42.0,26.4,79.2,7.0,794.2,Coffee
73.4,55.9,45.1,24.8,73.5,7.18,926.8,Coffee
78.8,33.7,50.7,25.3,51.7,6.85,1122.0,Coffee
56.2,42.6,35.8,22.2,65.4,6.98,1661.3,Coffee
80.4,30.7,57.9,24.9,51.4,7.14,800.4,Coffee
79.0,44.0,42.6,26.9,67.5,5.65,1920.0,Coffee
96.0,50.5,44.0,18.9,81.6,5.65,602.9,Coffee
76.9,34.8,30.2,22.2,55.5,5.82,615.4,Coffee
60.3,51.5,54.3,22.5,70.3,5.57,604.0,Coffee
62.9,46.3,52.2,24.1,65.7,5.74,1671.2,Coffee
68.2,52.1,45.4,25.4,86.3,7.34,1302.7,Coffee
75.6,38.0,58.1,22.6,55.1,6.37,690.6,Coffee
75.1,46.8,40.1,18.7,87.7,7.05,1758.3,Coffee
68.3,52.8,44.6,20.0,55.0,6.19,706.3,Coffee
99.9,31.5,43.2,22.5,62.0,6.64,725.0,Coffee
89.2,40.0,47.7,25.2,85.6,7.17,1412.5,Coffee
69.4,45.1,53.1,26.8,54.2,6.27,1664.2,Coffee
71.6,40.0,42.3,24.0,90.0,6.49,812.7,Coffee
58.1,31.3,46.8,23.4,58.2,6.89,1611.7,Coffee
63.0,40.3,59.7,21.7,80.4,6.41,1690.0,Coffee
88.5,50.0,55.6,27.4,73.2,5.97,1097.9,Coffee
87.9,49.5,35.3,18.5,77.3,6.0,1249.5,Coffee
87.3,46.9,32.5,19.9,58.8,6.02,1348.1,Coffee
75.2,36.1,32.0,19.7,89.4,6.44,1801.0,Coffee
92.4,45.3,51.2,19.9,77.5,6.04,1748.1,Coffee
54.2,53.2,33.0,26.8,62.2,6.81,1231.3,Coffee
68.3,49.4,58.4,18.4,86.8,6.72,1711.0,Coffee
69.2,44.2,56.1,22.1,71.4,5.54,737.9,Coffee
82.1,51.5,47.5,19.4,67.8,6.21,1243.5,Coffee
93.5,53.3,32.5,26.9,68.9,6.99,710.1,Coffee
83.5,37.1,43.2,18.2,56.1,5.68,859.6,Coffee
55.0,50.8,30.9,24.2,55.6,7.39,1899.6,Coffee
61.3,48.4,30.8,27.3,70.9,5.59,1013.7,Coffee
53.8,41.8,50.1,22.7,65.3,5.74,867.4,Coffee
55.0,54.2,34.1,24.0,63.7,5.95,1459.2,Coffee
72.9,42.0,47.8,22.9,62.1,6.62,1504.2,Coffee
51.3,44.0,31.7,19.9,72.4,7.23,1824.2,Coffee
53.5,42.6,47.5,19.5,80.6,6.99,1855.0,Coffee
50.4,36.5,54.8,24.7,85.8,5.61,1395.4,Coffee
78.5,31.1,45.4,24.1,57.7,6.05,1460.5,Coffee
73.4,55.7,40.3,20.7,89.4,7.32,543.5,Coffee
88.5,33.3,30.8,20.7,60.8,7.14,1566.0,Coffee
99.1,51.3,42.5,25.0,90.0,6.92,1642.5,Coffee
96.9,33.4,51.1,26.5,88.2,5.92,1255.9,Coffee
84.0,37.4,48.0,20.6,63.3,6.38,1293.8,Coffee
72.5,44.8,39.0,19.6,51.9,5.89,1372.9,Coffee
89.3,35.1,33.3,25.5,62.2,7.4,1571.5,Coffee
66.3,38.7,45.7,18.8,54.7,5.85,1662.1,Coffee
75.7,30.3,50.2,22.2,70.4,5.93,1327.7,Coffee
99.0,32.2,38.5,20.4,59.9,6.26,1727.2,Coffee
95.6,36.1,46.3,24.4,70.9,6.37,788.0,Coffee
74.4,42.0,53.9,25.6,55.4,5.68,1862.2,Coffee
76.8,55.7,31.7,23.3,71.6,7.22,646.4,Coffee
62.0,42.2,56.0,27.4,89.7,7.42,508.9,Coffee
52.4,34.4,40.5,26.3,85.7,5.87,1429.5,Coffee
95.9,43.9,33.1,22.6,65.0,6.66,1158.0,Coffee
50.9,59.8,46.3,22.7,88.2,5.81,783.9,Coffee
90.4,37.8,54.0,20.7,51.3,6.53,795.0,Coffee
87.9,49.2,57.7,25.8,57.2,7.1,1462.6,Coffee
83.4,55.0,47.2,22.7,75.5,6.1,773.9,Coffee
80.8,37.0,32.4,18.0,74.3,6.22,1628.5,Coffee
68.8,44.6,42.2,24.5,64.2,7.43,1904.2,Coffee
92.4,57.6,43.5,23.4,79.7,6.89,1836.0,Coffee
85.8,59.9,40.5,26.3,77.9,6.88,988.8,Coffee
89.3,57.0,36.6,24.3,65.7,7.48,1218.2,Coffee
61.4,41.5,49.6,18.8,74.1,7.36,1775.5,Coffee
53.4,59.8,51.0,19.6,50.5,5.84,1757.3,Coffee
51.1,37.0,52.7,23.9,81.3,6.99,575.9,Coffee
94.6,36.8,46.6,24.4,56.7,7.45,1232.2,Coffee
52.9,58.1,47.6,25.0,71.0,7.17,549.7,Coffee
63.4,44.1,32.3,25.1,65.7,6.05,505.1,Coffee
86.0,55.0,41.9,23.6,59.1,6.74,518.2,Coffee
74.4,49.3,57.5,21.8,80.6,6.7,1890.5,Coffee
69.9,39.6,56.6,18.5,55.5,5.66,1764.7,Coffee
50.5,55.8,43.5,18.0,66.1,5.87,1436.6,Coffee
84.0,44.6,31.2,24.6,83.7,6.94,1744.9,Coffee
60.0,56.7,39.7,18.1,83.7,7.38,1483.3,Coffee
61.6,37.6,44.0,27.0,56.0,7.15,937.0,Coffee
90.4,57.6,42.8,21.7,82.1,6.56,1526.7,Coffee
